Tau FTBO,Tau FTBF,ki,kp,kd,dt,Nb de points de lecture Temp.
230,300,0.00333333,46,0,5000,10
Consigne CPU Temp,Température CPU,Heure,CPU Usage (%),CPU Frequency (MHz),Erreur,Correction dérivée,Correction intégrale,PWM signal,PWM signal clipped
60,54.8222,9:40:59,1.00503,700,-5.1778,-190.543,-86.2967,-156,0
60,60.5966,9:41:4,1.00503,1800,0.596626,21.9558,-76.353,65,0
60,61.5637,9:41:9,1.00503,700,1.56367,57.543,-50.2918,127,127
60,61.3195,9:41:14,2.0202,1800,1.31947,48.5565,-28.3007,140,140
60,61.7333,9:41:19,2.0202,700,1.73335,63.7872,0.58848,184,184
60,61.0442,9:41:24,2.0202,700,1.04424,38.428,17.9925,176,176
60,60.6344,9:41:30,2.01005,1800,0.63443,23.347,28.5663,171,171
60,60.6908,9:41:35,2.01005,700,0.690845,25.4231,40.0804,185,185
60,60.0147,9:41:40,2.01005,700,0.0146904,0.540607,40.3252,160,160
60,60.0445,9:41:45,2.57732,1800,0.0444756,1.6367,41.0665,162,162
60,59.9988,9:41:50,2.57732,1800,-0.00124359,-0.0457642,41.0458,161,161
60,59.8481,9:41:55,2.57732,700,-0.151917,-5.59053,38.5138,152,152
60,59.6382,9:42:1,2.51256,1800,-0.361786,-13.3137,32.4841,139,139
60,59.2763,9:42:6,2.51256,700,-0.723682,-26.6315,20.4227,113,0
60,58.8992,9:42:11,2.51256,700,-1.10078,-40.5086,2.0764,81,0
60,59.7868,9:42:16,2.5,1800,-0.213173,-7.84476,-1.47648,110,0
60,60.3139,9:42:21,2.5,1800,0.313885,11.551,3.75494,135,135
60,60.2205,9:42:26,2.5,700,0.220497,8.1143,7.42989,135,135
60,60.406,9:42:32,1.51515,1800,0.405956,14.9392,14.1958,149,149
60,60.2297,9:42:37,1.51515,700,0.229698,8.45289,18.0241,146,146
60,59.7738,9:42:42,1.51515,1800,-0.226227,-8.32515,14.2537,125,125
60,59.7282,9:42:47,1.51515,700,-0.271828,-10.0033,9.72322,119,0
60,59.9671,9:42:52,1.51515,1800,-0.0328789,-1.20994,9.17524,127,127
60,59.8449,9:42:57,1.51515,700,-0.155083,-5.70704,6.59053,120,0
60,61.1963,9:43:3,3.15789,1800,1.1963,44.0237,26.5288,190,190
60,63.7664,9:43:8,3.15789,1800,3.76644,138.605,89.3028,347,255
60,63.7313,9:43:13,3.15789,1800,3.73125,137.31,151.49,408,255
75,65.0426,9:43:19,63.1579,1800,-9.95737,-549.647,-14.466,-444,0
75,67.1705,9:43:24,63.1579,1800,-7.82954,-432.19,-144.958,-457,0
75,69.3313,9:43:29,63.1579,1800,-5.66875,-312.915,-239.437,-432,0
85,70.6187,9:43:34,96,1800,-14.3813,-1323.08,-479.125,-1682,0
85,69.9683,9:43:39,96,1800,-15.0317,-1382.92,-729.654,-1992,0
85,69.8058,9:43:44,96,1800,-15.1942,-1397.86,-982.89,-2260,0
70,69.3026,9:43:50,42.8571,1800,-0.697411,-32.0809,-994.514,-906,0
70,68.0348,9:43:55,42.8571,1800,-1.96523,-90.4007,-1027.27,-997,0
70,68.6385,9:44:0,42.8571,700,-1.36153,-62.6302,-1049.96,-992,0
60,66.41,9:44:5,4.0201,1800,6.40995,235.886,-943.127,-587,0
60,66.5767,9:44:10,4.0201,700,6.5767,242.023,-833.515,-471,0
60,65.9603,9:44:15,4.0201,1800,5.96027,219.338,-734.177,-394,0
60,66.4343,9:44:21,1.0101,700,6.43433,236.784,-626.939,-270,0
60,66.0434,9:44:26,1.0101,1800,6.04344,222.399,-526.215,-183,0
60,66.3939,9:44:31,1.0101,700,6.39394,235.297,-419.649,-64,0
60,65.7472,9:44:36,1.01523,700,5.7472,211.497,-323.862,7,0
60,65.9747,9:44:41,1.01523,1800,5.97472,219.87,-224.283,115,0
60,66.2897,9:44:46,1.01523,700,6.28967,231.46,-119.456,232,232
60,66.3699,9:44:52,2.0202,1800,6.36987,234.411,-13.291,341,255
60,65.7935,9:44:57,2.0202,1800,5.7935,213.201,83.2673,416,255
60,65.0541,9:45:2,2.0202,1000,5.05405,185.989,167.502,473,255
60,64.834,9:45:7,6.56566,700,4.83401,177.891,248.068,545,255
60,63.7893,9:45:12,6.56566,1800,3.78931,139.447,311.223,570,255
60,63.4413,9:45:17,6.56566,1800,3.44133,126.641,368.579,615,255
60,62.4812,9:45:23,1,700,2.48124,91.3096,409.933,621,255
60,61.3138,9:45:28,1,1800,1.31383,48.349,431.83,600,255
60,61.1484,9:45:33,1,700,1.14839,42.2607,450.97,613,255
60,60.5961,9:45:38,2.01005,1800,0.596142,21.938,460.906,602,255
60,59.8104,9:45:43,2.01005,700,-0.189587,-6.97679,457.746,570,255
60,59.7318,9:45:48,2.01005,1800,-0.26815,-9.86793,453.277,563,255
60,59.0909,9:45:54,1.03627,700,-0.909119,-33.4556,438.125,524,255
60,58.0528,9:45:59,1.03627,700,-1.94722,-71.6576,405.671,454,255
60,57.8029,9:46:4,1.03627,1800,-2.19712,-80.8542,369.052,408,255
60,57.2909,9:46:9,3.57143,1800,-2.70912,-99.6955,323.9,344,255
60,57.4345,9:46:14,3.57143,1800,-2.56551,-94.4109,281.142,306,255
60,57.3514,9:46:19,3.57143,700,-2.64855,-97.4667,236.999,259,255
60,56.5639,9:46:25,2.5,700,-3.43606,-126.447,179.732,173,173
60,55.6573,9:46:30,2.5,1800,-4.3427,-159.812,107.353,67,0
60,56.3945,9:46:35,2.5,700,-3.60548,-132.682,47.262,34,0
60,56.176,9:46:40,2.06186,1800,-3.82395,-140.721,-16.4705,-37,0
60,57.0795,9:46:45,2.06186,700,-2.9205,-107.474,-65.1456,-52,0
60,57.0724,9:46:50,2.06186,1800,-2.92755,-107.734,-113.938,-101,0
60,57.6561,9:46:56,1.64835,700,-2.34386,-86.2541,-153.002,-119,0
60,57.8119,9:47:1,1.64835,1800,-2.18809,-80.5218,-189.471,-149,0
60,58.8015,9:47:6,1.64835,700,-1.19852,-44.1054,-209.446,-133,0
60,57.9264,9:47:11,1.52284,700,-2.07355,-76.3068,-244.005,-200,0
60,58.1311,9:47:16,1.52284,1800,-1.86886,-68.774,-275.153,-223,0
60,59.1743,9:47:21,1.52284,700,-0.825684,-30.3852,-288.914,-199,0
60,59.0838,9:47:27,1.51515,1800,-0.916168,-33.715,-304.184,-217,0
60,59.5618,9:47:32,1.51515,700,-0.438213,-16.1263,-311.487,-207,0
60,59.22,9:47:37,1.51515,700,-0.780018,-28.7047,-324.488,-233,0
60,59.5754,9:47:42,2.01005,1800,-0.424599,-15.6252,-331.564,-227,0
60,60.1953,9:47:47,2.01005,700,0.195343,7.18862,-328.308,-201,0
60,60.793,9:47:52,2.01005,1800,0.793037,29.1838,-315.091,-165,0
60,60.658,9:47:58,1.00503,700,0.658009,24.2147,-304.124,-159,0
60,60.9854,9:48:3,1.00503,1800,0.985405,36.2629,-287.701,-131,0
60,61.2616,9:48:8,1.00503,700,1.26165,46.4286,-266.674,-100,0
60,61.4354,9:48:13,2.03046,1800,1.43537,52.8217,-242.751,-69,0
60,61.6475,9:48:18,2.03046,700,1.64754,60.6295,-215.292,-34,0
60,61.474,9:48:23,2.03046,700,1.47396,54.2416,-190.726,-16,0
60,62.3332,9:48:29,2.03046,1800,2.3332,85.8617,-151.839,54,0
60,62.0782,9:48:34,2.03046,700,2.07822,76.4787,-117.202,79,0
60,62.491,9:48:39,2.03046,1800,2.49103,91.6698,-75.6848,135,135
60,62.4349,9:48:44,2.55102,700,2.43491,89.6045,-35.1031,174,174
60,61.9423,9:48:49,2.55102,1800,1.94229,71.4763,-2.73155,188,188
60,62.6235,9:48:54,2.55102,700,2.62354,96.5461,40.994,257,255
60,61.3281,9:49:0,1.01523,1800,1.32806,48.8725,63.1283,232,232
60,61.5394,9:49:5,1.01523,700,1.53941,56.6503,88.7851,265,255
60,60.4891,9:49:10,1.01523,700,0.489147,18.0006,96.9376,234,234
60,59.6049,9:49:15,4.12371,1800,-0.395081,-14.539,90.3529,195,195
60,59.9548,9:49:20,4.12371,700,-0.045208,-1.66365,89.5995,207,207
60,59.2106,9:49:25,4.12371,1800,-0.789429,-29.051,76.4423,167,167
60,59.1849,9:49:31,1.5,700,-0.815147,-29.9974,62.8565,152,152
60,59.1823,9:49:36,1.5,1800,-0.817711,-30.0918,49.228,139,139
60,61.617,9:49:41,1.5,1800,1.61703,59.5069,76.1786,255,255
60,60.4482,9:49:46,1.00503,1800,0.448204,16.4939,83.6487,220,220
60,59.4547,9:49:51,1.00503,700,-0.54528,-20.0663,74.5606,174,174
60,58.3814,9:49:56,1.00503,1800,-1.61863,-59.5657,47.5834,108,0
60,58.2253,9:50:2,1.49254,700,-1.77467,-65.3078,18.0056,72,0
60,58.2097,9:50:7,1.49254,700,-1.79027,-65.882,-11.8323,42,0
60,58.403,9:50:12,1.49254,1800,-1.59703,-58.7706,-38.4494,22,0
60,58.8606,9:50:17,1.01523,700,-1.1394,-41.9301,-57.4395,20,0
60,59.0525,9:50:22,1.01523,1800,-0.94754,-34.8695,-73.2318,11,0
60,59.7047,9:50:27,1.01523,700,-0.295258,-10.8655,-78.1527,30,0
60,59.4778,9:50:33,1.51515,700,-0.522224,-19.2179,-86.8565,13,0
60,60.0882,9:50:38,1.51515,1800,0.0881844,3.24518,-85.3868,37,0
60,60.4901,9:50:43,1.51515,700,0.490124,18.0366,-77.218,60,0
60,60.9686,9:50:48,1.51515,1800,0.968616,35.6451,-61.0744,94,0
60,60.6269,9:50:53,1.51515,700,0.626869,23.0688,-50.6266,92,0
60,60.5927,9:50:58,1.51515,700,0.592693,21.8111,-40.7484,101,0
60,61.2224,9:51:4,4.21053,1800,1.22237,44.9834,-20.3755,144,144
60,61.1392,9:51:9,4.21053,700,1.13924,41.924,-1.38814,160,160
60,60.5952,9:51:14,4.21053,700,0.595226,21.9043,8.5323,150,150
60,60.833,9:51:19,2.60417,700,0.833027,30.6554,22.4161,173,173
60,60.6133,9:51:24,2.60417,1800,0.613304,22.5696,32.6378,175,175
60,61.0783,9:51:29,2.60417,700,1.07833,39.6826,50.61,210,210
60,59.8099,9:51:35,1.51515,700,-0.190071,-6.99462,47.4422,160,160
60,59.2935,9:51:40,1.51515,1800,-0.706505,-25.9994,35.6671,129,129
60,59.9724,9:51:45,1.51515,700,-0.0276489,-1.01748,35.2063,154,154
60,59.4071,9:51:50,2.5641,1800,-0.592857,-21.8172,25.3253,123,123
60,59.4967,9:51:55,2.5641,700,-0.503284,-18.5209,16.9372,118,0
60,58.9213,9:52:0,2.5641,700,-1.07873,-39.6972,-1.04157,79,0
60,59.0585,9:52:6,2.51256,1800,-0.941475,-34.6463,-16.7328,68,0
60,59.9489,9:52:11,2.51256,700,-0.0511398,-1.88195,-17.5851,100,0
60,59.7944,9:52:16,2.51256,1800,-0.205608,-7.56639,-21.012,91,0
60,60.7042,9:52:21,1.0101,700,0.704243,25.9161,-9.27458,136,136
60,60.2595,9:52:26,1.0101,700,0.259529,9.55067,-4.94909,124,124
60,60.0203,9:52:31,1.0101,1800,0.020256,0.745422,-4.61149,116,0
60,60.7268,9:52:37,1.51515,700,0.72683,26.7473,7.50234,154,154
60,60.3592,9:52:42,1.51515,1800,0.359184,13.218,13.4887,146,146
60,60.5659,9:52:47,1.51515,700,0.565918,20.8258,22.9207,163,163
60,59.71,9:52:52,1.51515,700,-0.290016,-10.6726,18.0871,127,127
60,59.8192,9:52:57,1.51515,1800,-0.180798,-6.65335,15.0738,128,128
60,60.0249,9:53:2,1.51515,700,0.0249214,0.917108,15.4892,136,136
60,59.9968,9:53:8,1.51515,1800,-0.00320435,-0.11792,15.4358,135,135
60,59.6044,9:53:13,1.51515,700,-0.395622,-14.5589,8.84206,114,0
60,60.1008,9:53:18,1.51515,1800,0.100842,3.71097,10.5227,134,134
60,60.0531,9:53:23,0.50505,700,0.0530891,1.95368,11.4076,133,133
60,60.097,9:53:28,0.50505,1800,0.0970154,3.57017,13.0245,136,136
60,60.1501,9:53:33,0.50505,700,0.150105,5.52385,15.5262,141,141
60,58.8892,9:53:39,3.01508,700,-1.1108,-40.8774,-2.98706,76,0
60,59.4936,9:53:44,3.01508,1800,-0.506378,-18.6347,-11.4267,89,0
60,59.5054,9:53:49,3.01508,700,-0.49464,-18.2028,-19.6707,82,0
60,60.237,9:53:54,1.50754,1800,0.237041,8.72313,-15.72,113,0
60,61.1868,9:53:59,1.50754,1800,1.18681,43.6746,4.06014,167,167
60,60.5513,9:54:4,1.50754,700,0.551289,20.2874,13.2483,153,153
60,59.8059,9:54:10,2.0202,700,-0.194069,-7.14174,10.0138,122,122
60,60.1697,9:54:15,2.0202,1800,0.169697,6.24484,12.8421,139,139
60,60.06,9:54:20,2.0202,700,0.0599747,2.20707,13.8417,136,136
60,60.0977,9:54:25,2.16216,700,0.0977058,3.59558,15.4701,139,139
60,60.0041,9:54:30,2.16216,800,0.00407791,0.150067,15.5381,135,135
60,59.5077,9:54:35,2.16216,1800,-0.492298,-18.1166,7.33309,109,0
60,60.0425,9:54:41,1.00503,700,0.0424728,1.563,8.04097,129,129
60,59.7551,9:54:46,1.00503,1800,-0.244946,-9.014,3.95855,114,0
60,60.4081,9:54:51,1.00503,700,0.408112,15.0185,10.7604,145,145
60,59.7916,9:54:56,2.07254,1800,-0.208385,-7.66859,7.28732,119,0
60,60.4605,9:55:1,2.07254,700,0.460468,16.9452,14.9618,151,151
60,59.9916,9:55:6,2.07254,1800,-0.00835037,-0.307294,14.8226,134,134
60,60.5779,9:55:12,0.502513,700,0.577869,21.2656,24.4538,165,165
60,59.5164,9:55:17,0.502513,700,-0.483612,-17.7969,16.3936,118,0
60,59.7024,9:55:22,0.502513,1800,-0.297558,-10.9501,11.4343,120,0
60,61.3281,9:55:27,1.5,1800,1.32815,48.8758,33.5701,202,202
60,64.6562,9:55:32,1.5,1800,4.65622,171.349,111.174,402,255
60,62.7488,9:55:37,1.5,1800,2.74883,101.157,156.988,378,255
70,64.7009,9:55:43,48.9247,1800,-5.29912,-243.759,68.6689,-55,0
70,63.7273,9:55:48,48.9247,700,-6.27271,-288.544,-35.8762,-204,0
70,61.9254,9:55:53,48.9247,1800,-8.07457,-371.43,-170.452,-421,0
60,62.1835,9:55:58,1.5,700,2.18354,80.3544,-134.06,66,0
60,60.9919,9:56:3,1.5,700,0.991859,36.5004,-117.529,38,0
60,61.6032,9:56:8,1.5,1800,1.60319,58.9974,-90.809,88,0
60,61.8104,9:56:14,1.5,1800,1.81042,66.6236,-60.6353,125,125
60,62.1233,9:56:19,1.5,800,2.12334,78.1391,-25.2462,172,172
60,61.6676,9:56:24,1.5,700,1.66764,61.3692,2.54781,183,183
60,62.4987,9:56:29,16.8317,700,2.49867,91.951,44.1923,256,255
60,62.1435,9:56:34,16.8317,1800,2.14347,78.8797,79.9168,278,255
60,60.9392,9:56:39,16.8317,700,0.939156,34.5609,95.5694,250,250
60,60.4291,9:56:45,1.52284,1800,0.429119,15.7916,102.721,238,238
60,59.6963,9:56:50,1.52284,700,-0.303692,-11.1759,97.6599,206,206
60,59.136,9:56:55,1.52284,700,-0.863972,-31.7942,83.2603,171,171
60,59.2748,9:57:0,5.69948,700,-0.725197,-26.6872,71.1737,164,164
60,58.2173,9:57:6,5.69948,1800,-1.78273,-65.6043,41.4616,95,0
60,58.9394,9:57:11,5.69948,700,-1.06057,-39.029,23.7854,104,0
60,58.6707,9:57:16,2.01005,700,-1.32926,-48.9168,1.63107,72,0
60,58.5465,9:57:21,2.01005,1800,-1.45353,-53.4899,-22.5944,43,0
60,59.6054,9:57:26,2.01005,700,-0.39455,-14.5195,-29.1703,76,0
60,59.4191,9:57:32,2.08333,1800,-0.580853,-21.3754,-38.8511,59,0
60,60.0823,9:57:37,2.08333,700,0.0823174,3.02928,-37.4792,85,0
60,60.0999,9:57:42,2.08333,1800,0.0999374,3.6777,-35.8135,87,0
60,60.2965,9:57:47,1.00503,700,0.296497,10.9111,-30.8719,100,0
60,60.4136,9:57:52,1.00503,1800,0.413555,15.2188,-23.9793,111,0
60,61.1558,9:57:57,1.00503,700,1.15576,42.532,-4.71665,157,157
60,60.6456,9:58:3,1.01523,700,0.64558,23.7574,6.04303,149,149
60,60.4485,9:58:8,1.01523,1800,0.448463,16.5035,13.5174,150,150
60,60.8184,9:58:13,1.01523,700,0.818352,30.1153,27.1566,177,177
60,60.6605,9:58:18,1.51515,1800,0.660542,24.3079,38.1656,182,182
60,60.4013,9:58:23,1.51515,700,0.401257,14.7662,44.8532,179,179
60,59.4987,9:58:28,1.51515,700,-0.501282,-18.4472,36.4986,138,138
60,59.6033,9:58:34,1.57068,1800,-0.396721,-14.5993,29.8865,135,135
60,59.8085,9:58:39,1.57068,700,-0.191475,-7.04628,26.6953,139,139
60,59.4882,9:58:44,1.57068,1800,-0.511841,-18.8357,18.1646,119,0
60,59.5535,9:58:49,1,700,-0.446484,-16.4306,10.7232,114,0
60,59.8523,9:58:54,1,1800,-0.147743,-5.43695,8.26083,122,122
60,59.8334,9:58:59,1,700,-0.166573,-6.12987,5.48462,119,0
60,60.2211,9:59:5,1.51515,1800,0.221149,8.1383,9.17045,137,137
60,60.1625,9:59:10,1.51515,700,0.162518,5.98065,11.8791,137,137
60,59.4749,9:59:15,1.51515,700,-0.525146,-19.3254,3.12663,103,0
60,60.2827,9:59:20,1.53061,1800,0.282692,10.4031,7.83816,138,138
60,59.9252,9:59:25,1.53061,700,-0.0748215,-2.75343,6.59114,123,123
60,60.1816,9:59:30,1.53061,1800,0.181622,6.68367,9.61816,136,136
60,60.3047,9:59:36,2.57732,700,0.304668,11.2118,14.696,145,145
60,59.6839,9:59:41,2.57732,1800,-0.316124,-11.6334,9.42724,117,0
60,60.401,9:59:46,2.57732,700,0.400993,14.7566,16.1105,150,150
60,59.7909,9:59:51,1.51515,1800,-0.209095,-7.6947,12.6255,124,124
60,60.0221,9:59:56,1.51515,1800,0.0220947,0.813086,12.9938,133,133
60,60.4348,10:0:1,1.51515,700,0.434814,16.0012,20.2407,156,156
60,59.7456,10:0:7,2.06186,700,-0.254417,-9.36256,16.0004,126,126
60,59.3358,10:0:12,2.06186,1800,-0.664238,-24.444,4.92977,100,0
60,59.9279,10:0:17,2.06186,700,-0.0721207,-2.65404,3.72776,121,121
60,59.5975,10:0:22,2.01005,700,-0.402508,-14.8123,-2.9807,102,0
60,59.4671,10:0:27,2.01005,1800,-0.532948,-19.6125,-11.8632,88,0
60,60.5254,10:0:32,2.01005,700,0.52541,19.3351,-3.10633,136,136
60,60.3877,10:0:38,2.52525,1800,0.387745,14.269,3.35608,137,137
60,60.4227,10:0:43,2.52525,700,0.42268,15.5546,10.4007,145,145
60,59.5983,10:0:48,2.52525,700,-0.401733,-14.7838,3.70519,108,0
60,59.7106,10:0:53,2.0202,1800,-0.289368,-10.6487,-1.1176,108,0
60,63.7153,10:0:58,2.0202,1800,3.71526,136.722,60.8035,317,255
60,63.3365,10:1:3,2.0202,1800,3.33653,122.784,116.412,359,255
60,61.6916,10:1:9,1.00503,700,1.69156,62.2494,144.605,326,255
60,60.5044,10:1:14,1.00503,1800,0.504356,18.5603,153.011,291,255
60,59.7038,10:1:19,1.00503,700,-0.296165,-10.8989,148.075,257,255
60,58.5524,10:1:24,1.51515,700,-1.44762,-53.2724,123.948,190,190
60,58.5346,10:1:29,1.51515,1800,-1.46536,-53.9253,99.525,165,165
60,58.4355,10:1:34,1.51515,700,-1.56454,-57.575,73.4494,135,135
60,57.9385,10:1:40,3.01508,700,-2.06145,-75.8615,39.0918,83,0
60,58.4246,10:1:45,3.01508,1800,-1.57545,-57.9765,12.8344,74,0
60,58.668,10:1:50,3.01508,700,-1.33204,-49.0192,-9.36632,61,0
60,59.2767,10:1:55,1.02564,1800,-0.723297,-26.6173,-21.4213,71,0
60,58.8993,10:2:0,1.02564,700,-1.10073,-40.5069,-39.7668,39,0
60,58.5693,10:2:5,1.02564,700,-1.43068,-52.6489,-63.6114,3,0
60,59.9486,10:2:11,3.64583,700,-0.0513611,-1.89009,-64.4674,53,0
60,59.7457,10:2:16,3.64583,700,-0.254333,-9.35947,-68.7063,41,0
60,59.3845,10:2:21,3.64583,700,-0.615528,-22.6514,-78.9651,18,0
60,59.5432,10:2:26,1.52284,1800,-0.456848,-16.812,-86.5792,16,0
60,60.8739,10:2:31,1.52284,700,0.87392,32.1603,-72.0139,80,0
60,60.7148,10:2:36,1.52284,700,0.714794,26.3044,-60.1007,86,0
60,60.4554,10:2:42,3.58974,1800,0.455383,16.7581,-52.5109,84,0
60,61.306,10:2:47,3.58974,700,1.30604,48.0623,-30.7436,137,137
60,61.2937,10:2:52,3.58974,1800,1.29371,47.6085,-9.18176,158,158
60,61.536,10:2:57,1.00503,700,1.53597,56.5238,16.4178,192,192
60,61.755,10:3:2,1.00503,1800,1.755,64.5839,45.6677,230,230
60,60.7055,10:3:7,1.00503,700,0.705505,25.9626,57.4262,203,203
60,60.1136,10:3:13,2.01005,1800,0.113556,4.17886,59.3188,183,183
60,60.3465,10:3:18,2.01005,700,0.34655,12.753,65.0946,197,197
60,59.3959,10:3:23,2.01005,1800,-0.604137,-22.2323,55.0256,152,152
60,59.4469,10:3:28,0.502513,700,-0.553112,-20.3545,45.8071,145,145
60,58.478,10:3:33,0.502513,700,-1.52201,-56.0101,20.4402,84,0
60,58.722,10:3:38,0.502513,1800,-1.278,-47.0305,-0.859869,72,0
60,59.2821,10:3:44,1.5,700,-0.717903,-26.4188,-12.8249,80,0
60,59.5329,10:3:49,1.5,1800,-0.467083,-17.1887,-20.6096,82,0
60,60.2885,10:3:54,1.5,1800,0.288494,10.6166,-15.8014,114,0
60,60.9972,10:3:59,1.00503,1800,0.997154,36.6953,0.817834,157,157
60,60.8732,10:4:4,1.00503,700,0.873219,32.1344,15.3715,167,167
60,60.2277,10:4:9,1.00503,1800,0.22773,8.38046,19.167,147,147
60,60.9911,10:4:15,0.50505,1800,0.991077,36.4717,35.6849,192,192
60,60.5317,10:4:20,0.50505,700,0.531715,19.5671,44.5469,184,184
60,59.9988,10:4:25,0.50505,1800,-0.00122833,-0.0452026,44.5264,164,164
60,59.4098,10:4:30,1.0101,700,-0.590221,-21.7201,34.6894,132,132
60,58.9613,10:4:35,1.0101,700,-1.03872,-38.2249,17.3774,99,0
60,59.4521,10:4:40,1.0101,1800,-0.547871,-20.1616,8.24619,108,0
60,59.5499,10:4:46,2.63158,1800,-0.450085,-16.5631,0.744781,104,0
60,61.2642,10:4:51,2.63158,1800,1.2642,46.5225,21.8148,188,188
60,63.4323,10:4:56,2.63158,700,3.43232,126.31,79.0201,325,255
60,60.9706,10:5:1,1.0101,700,0.970634,35.7194,95.1974,250,250
60,59.507,10:5:6,1.0101,1800,-0.493034,-18.1437,86.9801,188,188
60,59.6528,10:5:11,1.0101,700,-0.347206,-12.7772,81.1934,188,188
60,58.7908,10:5:17,2.06186,1800,-1.20922,-44.4993,61.0397,136,136
60,58.9481,10:5:22,2.06186,700,-1.05193,-38.711,43.5075,124,124
60,58.1359,10:5:27,2.06186,700,-1.8641,-68.5988,12.4392,63,0
60,58.2495,10:5:32,1.51515,1800,-1.75051,-64.4188,-16.7359,38,0
60,59.2349,10:5:37,1.51515,700,-0.765148,-28.1575,-29.4884,62,0
60,59.1386,10:5:42,1.51515,1800,-0.86142,-31.7002,-43.8454,44,0
60,59.7134,10:5:48,1.50754,700,-0.28664,-10.5484,-48.6227,60,0
60,59.5273,10:5:53,1.50754,1800,-0.472664,-17.394,-56.5005,46,0
60,60.2879,10:5:58,1.50754,700,0.287941,10.5962,-51.7015,78,0
60,60.2666,10:6:3,2.01005,1800,0.266602,9.81094,-47.2581,82,0
60,60.8489,10:6:8,2.01005,700,0.848866,31.2383,-33.1103,118,0
60,60.1766,10:6:13,2.01005,700,0.176594,6.49865,-30.1671,96,0
60,61.0834,10:6:19,7.64331,600,1.08336,39.8677,-12.1111,147,147
60,61.5149,10:6:24,7.64331,1800,1.51494,55.7499,13.138,188,188
60,61.3633,10:6:29,7.64331,700,1.3633,50.1695,35.8596,206,206
60,60.6663,10:6:34,2.01005,1800,0.666332,24.521,46.9652,191,191
60,60.3044,10:6:39,2.01005,700,0.304436,11.2032,52.0391,183,183
60,60.0247,10:6:44,2.01005,1800,0.0247498,0.910791,52.4516,173,173
60,60.0455,10:6:50,0.50505,700,0.0454788,1.67362,53.2096,174,174
60,59.8528,10:6:55,0.50505,1800,-0.147247,-5.4187,50.7555,165,165
60,59.2491,10:7:0,0.50505,700,-0.750927,-27.6341,38.24,130,130
60,58.5556,10:7:5,2.0202,700,-1.4444,-53.1538,14.1667,81,0
60,59.0707,10:7:10,2.0202,1800,-0.929333,-34.1994,-1.32216,84,0
60,59.2196,10:7:15,2.0202,700,-0.780434,-28.72,-14.3294,76,0
60,60.1111,10:7:21,2.63158,700,0.111061,4.08705,-12.4784,111,0
60,59.5184,10:7:26,2.63158,700,-0.481598,-17.7228,-20.505,81,0
60,59.4104,10:7:31,2.63158,1800,-0.589558,-21.6957,-30.331,67,0
60,61.0555,10:7:36,1.00503,1800,1.05545,38.8406,-12.7401,146,146
60,64.288,10:7:41,1.00503,1800,4.28805,157.8,58.7273,336,255
60,64.3678,10:7:46,1.00503,700,4.36781,160.736,131.524,412,255
60,61.3077,10:7:52,2.59067,700,1.30769,48.1228,153.319,321,255
60,61.8296,10:7:57,2.59067,1800,1.82957,67.3282,183.812,371,255
60,64.2194,10:8:2,2.59067,1800,4.21936,155.272,254.135,529,255
60,62.3155,10:8:7,1.03627,1800,2.31554,85.2119,292.727,497,255
60,60.5668,10:8:12,1.03627,1800,0.566761,20.8568,302.173,443,255
60,60.1971,10:8:17,1.03627,700,0.197083,7.25264,305.458,432,255
60,59.7218,10:8:23,5.15464,1800,-0.278191,-10.2374,300.821,410,255
60,59.1386,10:8:28,5.15464,1800,-0.861427,-31.7005,286.464,374,255
60,58.9342,10:8:33,5.15464,900,-1.06585,-39.2231,268.7,349,255
60,57.6475,10:8:38,3.68421,1800,-2.35249,-86.5716,229.492,262,255
60,58.2006,10:8:43,3.68421,1800,-1.79935,-66.2163,199.503,253,253
60,57.6716,10:8:48,3.68421,1800,-2.32844,-85.6867,160.695,195,195
60,57.57,10:8:54,1.94805,1800,-2.43005,-89.4257,120.194,150,150
60,57.8033,10:8:59,1.94805,1800,-2.19671,-80.8389,83.5826,122,122
60,57.5344,10:9:4,1.94805,700,-2.46558,-90.7332,42.4896,71,0
60,57.0692,10:9:9,7.84314,1800,-2.93076,-107.852,-6.35643,5,0
60,57.7045,10:9:14,7.84314,1800,-2.29548,-84.4738,-44.6145,-9,0
60,57.9628,10:9:19,7.84314,1800,-2.03715,-74.9672,-78.567,-33,0
60,58.2809,10:9:25,1.00503,700,-1.71912,-63.2638,-107.219,-50,0
60,57.9718,10:9:30,1.00503,1800,-2.02822,-74.6384,-141.023,-95,0
60,58.574,10:9:35,1.00503,700,-1.42603,-52.4777,-164.79,-97,0
60,58.0498,10:9:40,1.50754,700,-1.95021,-71.7676,-197.293,-149,0
60,58.2896,10:9:45,1.50754,700,-1.71043,-62.9437,-225.8,-168,0
60,59.0928,10:9:50,1.50754,1800,-0.907238,-33.3864,-240.921,-154,0
60,59.2218,10:9:56,1.54639,700,-0.778229,-28.6388,-253.891,-162,0
60,59.6243,10:10:1,1.54639,1800,-0.375721,-13.8265,-260.153,-153,0
60,60.2489,10:10:6,1.54639,1800,0.248932,9.16069,-256.005,-126,0
60,60.7497,10:10:11,1.26582,1800,0.749695,27.5888,-243.51,-95,0
60,61.0433,10:10:16,1.26582,1800,1.04327,38.3925,-226.122,-67,0
60,61.657,10:10:21,1.26582,1800,1.65703,60.9788,-198.505,-17,0
60,61.6697,10:10:27,1.00503,700,1.66971,61.4453,-170.676,10,0
60,62.0606,10:10:32,1.00503,1800,2.06057,75.829,-136.333,59,0
60,62.3919,10:10:37,1.00503,1800,2.39186,88.0203,-96.469,111,0
60,62.5224,10:10:42,1.00503,700,2.52239,92.824,-54.4291,158,158
60,62.5354,10:10:47,1.00503,1800,2.53544,93.3043,-12.1717,201,201
60,61.7089,10:10:52,1.00503,700,1.70885,62.8857,16.3091,199,199
60,62.0645,10:10:58,3.5533,1800,2.06449,75.9733,50.7173,246,246
60,61.5644,10:11:3,3.5533,1800,1.56435,57.5682,76.7899,254,254
60,61.076,10:11:8,3.5533,700,1.07604,39.5982,94.7239,254,254
60,59.6636,10:11:13,2.6455,1800,-0.336388,-12.3791,89.1174,196,196
60,59.7172,10:11:18,2.6455,700,-0.282837,-10.4084,84.4035,193,193
60,59.5764,10:11:23,2.6455,1800,-0.423584,-15.5879,77.3437,181,181
60,59.5623,10:11:29,3.01508,1800,-0.43766,-16.1059,70.0494,173,173
60,58.7817,10:11:34,3.01508,1800,-1.21827,-44.8323,49.7449,124,124
60,59.3368,10:11:39,3.01508,800,-0.663219,-24.4065,38.6912,134,134
60,58.5644,10:11:44,7.69231,1800,-1.43563,-52.8311,14.7641,81,0
60,59.2176,10:11:49,7.69231,1800,-0.78236,-28.7909,1.72478,92,0
60,59.4778,10:11:54,7.69231,1800,-0.522228,-19.218,-6.97902,93,0
60,59.6986,10:12:0,2,700,-0.301414,-11.0921,-12.0026,96,0
60,59.5259,10:12:5,2,1800,-0.474133,-17.4481,-19.9048,82,0
60,60.0443,10:12:10,2,700,0.0442886,1.62982,-19.1667,102,0
60,59.8039,10:12:15,4.08163,1800,-0.196068,-7.2153,-22.4345,90,0
60,60.3643,10:12:20,4.08163,700,0.3643,13.4062,-16.3628,117,0
60,61.6865,10:12:25,4.08163,1800,1.68653,62.0645,11.7461,193,193
85,65.3252,10:12:31,77.6042,1800,-19.6748,-1810.09,-316.168,-2006,0
85,63.4001,10:12:36,77.6042,1800,-21.5999,-1987.19,-676.166,-2543,0
85,62.7206,10:12:41,77.6042,700,-22.2794,-2049.7,-1047.49,-2977,0
60,61.9709,10:12:47,3.9801,700,1.97087,72.5279,-1014.64,-822,0
60,62.0907,10:12:52,3.9801,1800,2.09069,76.9374,-979.796,-782,0
60,62.4923,10:12:57,3.9801,700,2.49227,91.7156,-938.258,-726,0
60,62.2402,10:13:2,2.53807,1800,2.24023,82.4404,-900.921,-698,0
60,63.5299,10:13:7,2.53807,1800,3.52993,129.901,-842.089,-592,0
60,63.9511,10:13:12,2.53807,1800,3.9511,145.4,-776.238,-510,0
60,64.0419,10:13:18,9.64467,700,4.04192,148.743,-708.872,-440,0
60,63.4666,10:13:23,9.64467,1800,3.46659,127.571,-651.096,-403,0
60,63.75,10:13:28,9.64467,700,3.74996,137.999,-588.596,-330,0
60,64.2653,10:13:33,2.10526,1800,4.2653,156.963,-517.508,-240,0
60,63.635,10:13:38,2.10526,700,3.63503,133.769,-456.924,-203,0
60,64.2051,10:13:43,2.10526,1800,4.20511,154.748,-386.839,-112,0
60,63.6777,10:13:49,2.53807,700,3.67772,135.34,-325.544,-70,0
60,63.9659,10:13:54,2.53807,1800,3.96587,145.944,-259.446,6,0
60,64.6278,10:13:59,2.53807,1800,4.62779,170.303,-182.316,107,0
60,64.9862,10:14:4,1.0101,1000,4.98618,183.492,-99.2129,204,204
60,64.9733,10:14:9,1.0101,1800,4.97332,183.018,-16.3243,286,255
60,65.7025,10:14:14,1.0101,1800,5.70253,209.853,78.7179,408,255
75,66.1164,10:14:20,61.3757,1800,-8.88364,-490.377,-69.3428,-439,0
75,64.9889,10:14:25,61.3757,1800,-10.0111,-552.611,-236.194,-668,0
75,64.2918,10:14:30,61.3757,1800,-10.7082,-591.093,-414.664,-885,0
60,65.4396,10:14:35,1.49254,1800,5.43958,200.177,-324.004,-3,0
60,66.5771,10:14:40,1.49254,1800,6.57706,242.036,-214.387,147,147
60,67.1778,10:14:45,1.49254,700,7.17781,264.143,-94.7563,289,255
60,66.6048,10:14:51,3.8835,1800,6.60478,243.056,15.3234,378,255
60,65.8657,10:14:56,3.8835,1800,5.86568,215.857,113.085,448,255
60,65.0126,10:15:1,3.8835,1800,5.01257,184.463,196.628,501,255
70,64.5864,10:15:6,30.1887,700,-5.41364,-249.027,106.4,-22,0
70,63.1801,10:15:11,30.1887,1800,-6.81986,-313.714,-7.2641,-200,0
70,63.7213,10:15:16,30.1887,1800,-6.27868,-288.819,-111.909,-280,0
60,63.7754,10:15:22,2.01005,700,3.77544,138.936,-48.9847,209,209
60,64.0243,10:15:27,2.01005,1800,4.02435,148.096,18.0877,286,255
60,63.3674,10:15:32,2.01005,1800,3.36744,123.922,74.2117,318,255
60,62.7661,10:15:37,0,1800,2.76605,101.791,120.313,342,255
60,61.9267,10:15:42,0,700,1.92671,70.9029,152.424,343,255
60,60.8201,10:15:47,0,700,0.820076,30.1788,166.092,316,255
60,60.7094,10:15:53,1.51515,1800,0.709412,26.1063,177.916,324,255
60,62.4515,10:15:58,1.51515,1800,2.45155,90.2169,218.775,428,255
60,62.1388,10:16:3,1.51515,1800,2.13876,78.7062,254.421,453,255
60,61.2309,10:16:8,2.7027,1800,1.23088,45.2963,274.935,440,255
60,60.4583,10:16:13,2.7027,1800,0.458294,16.8652,282.574,419,255
60,59.6992,10:16:18,2.7027,700,-0.300774,-11.0685,277.561,386,255
60,58.9415,10:16:24,2.10526,1800,-1.05848,-38.9522,259.919,340,255
60,58.9631,10:16:29,2.10526,700,-1.03685,-38.1562,242.639,324,255
60,58.1374,10:16:34,2.10526,1800,-1.86259,-68.5432,211.595,263,255
60,57.4704,10:16:39,1.5,700,-2.52956,-93.088,169.436,196,196
60,56.6732,10:16:44,1.5,1800,-3.32676,-122.425,113.99,111,0
60,57.1292,10:16:49,1.5,700,-2.87078,-105.645,66.1437,80,0
60,56.8826,10:16:55,3.06122,700,-3.11738,-114.72,14.1873,19,0
60,57.832,10:17:0,3.06122,1800,-2.16804,-79.7839,-21.9467,18,0
60,58.2678,10:17:5,3.06122,1800,-1.73221,-63.7453,-50.8169,5,0
60,59.4315,10:17:10,1.0101,1800,-0.568523,-20.9217,-60.2922,38,0
60,61.3984,10:17:15,1.0101,1800,1.39845,51.4629,-36.9848,134,134
60,63.2023,10:17:20,1.0101,1800,3.20225,117.843,16.3861,254,254
60,62.5547,10:17:26,19.598,1800,2.55473,94.0141,58.9649,272,255
60,60.7855,10:17:31,19.598,1800,0.78548,28.9057,72.0563,220,220
60,60.5112,10:17:36,19.598,1800,0.51115,18.8103,80.5754,219,219
60,59.8019,10:17:41,1.00503,700,-0.198082,-7.28942,77.2741,189,189
60,59.0005,10:17:46,1.00503,1800,-0.999512,-36.782,60.6155,143,143
60,58.2872,10:17:51,1.00503,700,-1.71276,-63.0295,32.0696,89,0
60,58.4107,10:17:57,3.53535,1800,-1.58928,-58.4856,5.58154,67,0
60,58.8127,10:18:2,3.53535,700,-1.18733,-43.6937,-14.2073,62,0
60,58.1224,10:18:7,3.53535,700,-1.87764,-69.097,-45.5012,5,0
60,59.1734,10:18:12,2.03046,1800,-0.826569,-30.4177,-59.2773,30,0
60,60.2525,10:18:17,2.03046,1800,0.252544,9.29363,-55.0683,74,0
60,60.9448,10:18:22,2.03046,700,0.944847,34.7704,-39.3208,115,0
60,60.9167,10:18:28,1.03627,1800,0.916687,33.7341,-24.0427,129,129
60,60.4269,10:18:33,1.03627,700,0.426872,15.7089,-16.9282,118,0
60,60.2805,10:18:38,1.03627,1800,0.280495,10.3222,-12.2533,118,0
60,60.9964,10:18:43,3.5533,1800,0.996357,36.6659,4.3527,161,161
60,61.701,10:18:48,3.5533,1800,1.70104,62.5982,32.7033,215,215
60,62.015,10:18:53,3.5533,1800,2.01501,74.1523,66.2868,260,255
85,63.5561,10:18:59,76.3441,1800,-21.4439,-1972.84,-291.112,-2143,0
85,63.1258,10:19:4,76.3441,1800,-21.8742,-2012.43,-655.681,-2548,0
85,62.4984,10:19:9,76.3441,1800,-22.5016,-2070.15,-1030.71,-2980,0
70,63.02,10:19:14,27.6471,1200,-6.97996,-321.078,-1147.04,-1348,0
70,62.0495,10:19:19,27.6471,1800,-7.95049,-365.723,-1279.55,-1525,0
70,62.0499,10:19:24,27.6471,700,-7.95015,-365.707,-1412.05,-1657,0
60,61.5629,10:19:30,2.06186,700,1.56289,57.5143,-1386,-1208,0
60,61.5142,10:19:35,2.06186,1800,1.51419,55.7222,-1360.77,-1185,0
60,62.7268,10:19:40,2.06186,700,2.72683,100.347,-1315.32,-1094,0
60,62.2637,10:19:45,1.79641,1800,2.26368,83.3036,-1277.59,-1074,0
60,63.094,10:19:50,1.79641,700,3.09398,113.858,-1226.03,-992,0
60,62.4465,10:19:55,1.79641,700,2.4465,90.0313,-1185.25,-975,0
60,62.3818,10:20:1,2.52525,1800,2.38175,87.6485,-1145.55,-937,0
60,63.4467,10:20:6,2.52525,1800,3.44668,126.838,-1088.11,-841,0
60,63.9428,10:20:11,2.52525,700,3.94277,145.094,-1022.4,-757,0
60,63.5541,10:20:16,2.03046,1800,3.55408,130.79,-963.162,-712,0
60,64.9762,10:20:21,2.03046,1800,4.97621,183.125,-880.225,-577,0
60,64.9723,10:20:26,2.03046,1800,4.97233,182.982,-797.353,-494,0
60,65.7511,10:20:32,4.06091,1100,5.75114,211.642,-701.501,-369,0
60,65.3907,10:20:37,4.06091,1800,5.39072,198.378,-611.656,-293,0
60,65.9391,10:20:42,4.06091,1800,5.93907,218.558,-512.671,-174,0
60,65.8965,10:20:47,10.9375,700,5.89651,216.991,-414.396,-77,0
60,65.7462,10:20:52,10.9375,1800,5.74615,211.459,-318.627,12,0
60,65.9259,10:20:57,10.9375,1800,5.92592,218.074,-219.861,118,0
60,65.7491,10:21:3,1,700,5.7491,211.567,-124.043,207,207
60,65.4392,10:21:8,1,1800,5.43922,200.163,-33.3894,286,255
60,65.7978,10:21:13,1,1800,5.79783,213.36,63.2411,396,255
60,64.8597,10:21:18,2.48756,700,4.85969,178.837,144.236,443,255
60,63.6945,10:21:23,2.48756,1800,3.69448,135.957,205.811,461,255
60,63.4806,10:21:28,2.48756,700,3.48055,128.084,263.82,511,255
60,63.654,10:21:34,4.10256,1800,3.65396,134.466,324.719,579,255
60,62.9895,10:21:39,4.10256,1800,2.9895,110.014,374.544,604,255
60,62.3874,10:21:44,4.10256,1800,2.38735,87.8546,414.333,622,255
60,62.7654,10:21:49,2.72109,1800,2.76544,101.768,460.424,682,255
60,61.2449,10:21:54,2.72109,1800,1.24485,45.8105,481.172,646,255
60,60.9467,10:21:59,2.72109,700,0.946693,34.8383,496.95,651,255
60,60.8195,10:22:5,3.76344,700,0.819477,30.1568,510.608,660,255
60,60.3198,10:22:10,3.76344,1800,0.319752,11.7669,515.937,647,255
60,59.1497,10:22:15,3.76344,1800,-0.850323,-31.2919,501.765,590,255
60,58.984,10:22:20,1.36054,1800,-1.01603,-37.39,484.831,567,255
60,58.383,10:22:25,1.36054,700,-1.61701,-59.506,457.881,518,255
60,57.5924,10:22:30,1.36054,1800,-2.4076,-88.5998,417.754,449,255
60,57.7568,10:22:36,1.00503,700,-2.24316,-82.5484,380.368,417,255
60,56.7019,10:22:41,1.00503,1800,-3.29812,-121.371,325.399,324,255
60,56.8886,10:22:46,1.00503,700,-3.11141,-114.5,273.542,279,255
60,55.7872,10:22:51,1.0101,700,-4.21284,-155.033,203.328,168,168
60,55.4822,10:22:56,1.0101,1800,-4.51778,-166.254,128.032,81,0
60,56.1822,10:23:1,1.0101,700,-3.81778,-140.494,64.4024,43,0
60,56.1548,10:23:7,1.51515,1800,-3.84518,-141.503,0.316078,-21,0
60,56.7852,10:23:12,1.51515,700,-3.21482,-118.305,-53.2643,-51,0
60,56.3612,10:23:17,1.51515,700,-3.63879,-133.907,-113.911,-127,0
60,57.1467,10:23:22,2.0202,1800,-2.85328,-105.001,-161.465,-146,0
60,58.1506,10:23:27,2.0202,1800,-1.84943,-68.0592,-192.289,-140,0
60,58.1536,10:23:32,2.0202,700,-1.84645,-67.9493,-223.063,-171,0
60,58.3974,10:23:38,2.01005,1800,-1.60265,-58.9775,-249.774,-188,0
60,58.6652,10:23:43,2.01005,1000,-1.33477,-49.1195,-272.02,-201,0
60,59.179,10:23:48,2.01005,1800,-0.820972,-30.2118,-285.703,-195,0
60,60.2531,10:23:53,1.50754,1800,0.253105,9.31427,-281.485,-152,0
60,60.5066,10:23:58,1.50754,1800,0.506615,18.6434,-273.041,-134,0
60,63.0157,10:24:3,1.50754,1800,3.01567,110.977,-222.78,8,0
60,63.5101,10:24:9,1.01523,1800,3.51007,129.171,-164.279,84,0
60,65.0692,10:24:14,1.01523,1800,5.06921,186.547,-79.7921,226,226
60,64.0076,10:24:19,1.01523,700,4.00763,147.481,-12.9983,254,254
60,62.7327,10:24:24,3.24324,1800,2.73267,100.562,32.5461,253,253
60,63.4818,10:24:29,3.24324,700,3.48177,128.129,90.5757,338,255
60,61.6574,10:24:34,3.24324,1800,1.65738,60.9916,118.199,299,255
60,61.4749,10:24:40,1.0101,1800,1.47494,54.2777,142.781,317,255
60,61.7002,10:24:45,1.0101,1800,1.7002,62.5672,171.118,353,255
60,60.9922,10:24:50,1.0101,700,0.992226,36.5139,187.655,344,255
60,60.5805,10:24:56,2.06186,1800,0.580528,21.3634,197.33,338,255
60,60.5394,10:25:1,2.06186,1800,0.539356,19.8483,206.319,346,255
60,60.0969,10:25:6,2.06186,1800,0.0969429,3.5675,207.935,331,255
60,59.4196,10:25:11,2.42424,1800,-0.580406,-21.3589,198.262,296,255
60,59.0597,10:25:16,2.42424,1800,-0.940346,-34.6047,182.589,267,255
60,58.1958,10:25:21,2.42424,1800,-1.80424,-66.3961,152.519,206,206
60,57.6224,10:25:27,2.01005,700,-2.37763,-87.4969,112.891,145,145
60,58.052,10:25:32,2.01005,1800,-1.94796,-71.6849,80.4253,128,128
60,58.6794,10:25:37,2.01005,1800,-1.3206,-48.598,58.4154,129,129
60,58.3038,10:25:42,7.05128,1800,-1.69617,-62.4189,30.1459,87,0
60,58.4124,10:25:47,7.05128,1800,-1.58762,-58.4246,3.68553,65,0
60,59.7868,10:25:52,7.05128,1800,-0.213158,-7.8442,0.132901,112,0
60,60.7035,10:25:58,2.9703,1800,0.703491,25.8885,11.8578,157,157
60,60.2595,10:26:3,2.9703,1800,0.259453,9.54786,16.182,145,145
60,61.1404,10:26:8,2.9703,1800,1.14035,41.9649,35.1878,197,197
70,59.9622,10:26:13,44.6701,700,-10.0378,-461.737,-132.108,-473,0
70,59.8931,10:26:18,44.6701,1800,-10.1069,-464.916,-300.556,-645,0
70,60.1784,10:26:23,44.6701,1800,-9.82158,-451.793,-464.249,-796,0
60,60.9374,10:26:29,2.52525,1800,0.937447,34.498,-448.625,-294,0
60,62.8153,10:26:34,2.52525,1800,2.81525,103.601,-401.704,-178,0
60,62.2725,10:26:39,2.52525,1800,2.27253,83.6291,-363.829,-160,0
60,61.4878,10:26:44,2.04082,700,1.48775,54.7494,-339.033,-164,0
60,61.7015,10:26:49,2.04082,1800,1.70148,62.6144,-310.675,-128,0
60,62.2099,10:26:54,2.04082,1800,2.20985,81.3225,-273.844,-72,0
60,62.8938,10:27:0,4.10256,1800,2.89379,106.492,-225.614,0,0
60,63.0596,10:27:5,4.10256,1800,3.05958,112.593,-174.621,57,0
60,62.1996,10:27:10,4.10256,1800,2.19956,80.9439,-137.962,62,0
60,62.698,10:27:15,1.96078,700,2.69796,99.2849,-92.9958,126,126
60,62.1147,10:27:20,1.96078,700,2.1147,77.8208,-57.7509,140,140
60,62.0077,10:27:25,1.96078,1800,2.00767,73.8823,-24.2897,169,169
60,62.1918,10:27:31,1.02041,700,2.19177,80.6572,12.2398,212,212
60,61.2362,10:27:36,1.02041,1800,1.23618,45.4915,32.8429,198,198
60,61.3841,10:27:41,1.02041,700,1.38412,50.9358,55.9116,226,226
60,60.6684,10:27:46,2.5,700,0.668415,24.5977,67.0519,211,211
60,59.8663,10:27:51,2.5,1800,-0.133656,-4.91852,64.8243,179,179
60,59.7861,10:27:56,2.5,700,-0.21386,-7.87003,61.26,173,173
60,59.2424,10:28:2,1.50754,1800,-0.75758,-27.8789,48.6337,140,140
60,59.0906,10:28:7,1.50754,700,-0.909363,-33.4646,33.4776,120,0
60,58.8807,10:28:12,1.50754,700,-1.11934,-41.1918,14.8219,93,0
60,58.8597,10:28:17,1.01523,1800,-1.14033,-41.9642,-4.18363,73,0
60,59.3446,10:28:22,1.01523,700,-0.655437,-24.1201,-15.1076,80,0
60,60.221,10:28:27,1.01523,1800,0.220959,8.13128,-11.4249,116,0
60,60.7956,10:28:33,0.507614,1800,0.795601,29.2781,1.83507,151,151
60,60.6096,10:28:38,0.507614,1800,0.609566,22.432,11.9945,154,154
60,60.4449,10:28:43,0.507614,700,0.444862,16.3709,19.4089,155,155
60,60.2336,10:28:48,1.0101,1800,0.233593,8.59622,23.3021,151,151
60,60.2612,10:28:53,1.0101,1800,0.261158,9.61061,27.6547,157,157
60,60.4587,10:28:58,1.0101,1800,0.458721,16.8809,35.3001,172,172
60,60.3811,10:29:4,7,700,0.381081,14.0238,41.6514,175,175
60,59.6915,10:29:9,7,1800,-0.308491,-11.3525,36.5099,145,145
60,59.8661,10:29:14,7,1800,-0.133942,-4.92905,34.2775,149,149
60,59.5426,10:29:19,1.50754,700,-0.457397,-16.8322,26.6543,129,129
60,59.6077,10:29:24,1.50754,1800,-0.392334,-14.4379,20.1154,125,125
60,59.0785,10:29:29,1.50754,700,-0.921539,-33.9127,4.75637,90,0
60,59.7073,10:29:35,3.64583,700,-0.292652,-10.7696,-0.121169,109,0
60,59.2832,10:29:40,3.64583,1800,-0.716759,-26.3767,-12.0671,81,0
60,59.7765,10:29:45,3.64583,700,-0.223469,-8.22365,-15.7916,95,0
60,59.3876,10:29:50,1.01523,1800,-0.612438,-22.5377,-25.9989,71,0
60,60.3227,10:29:55,1.01523,700,0.322662,11.874,-20.6212,111,0
60,60.0753,10:30:0,1.01523,1800,0.0752678,2.76986,-19.3668,103,0
60,60.8784,10:30:6,1.51515,700,0.878429,32.3262,-4.72627,147,147
60,60.3743,10:30:11,1.51515,700,0.374348,13.776,1.51286,135,135
60,59.9343,10:30:16,1.51515,1800,-0.0656624,-2.41638,0.418484,118,0
60,60.7182,10:30:21,1.53061,700,0.718239,26.4312,12.3891,158,158
60,60.5044,10:30:26,1.53061,1800,0.504433,18.5631,20.7963,159,159
60,60.9701,10:30:31,1.53061,1800,0.970051,35.6979,36.9639,192,192
60,60.9192,10:30:37,0.507614,700,0.919209,33.8269,52.284,206,206
60,59.9401,10:30:42,0.507614,700,-0.0598831,-2.2037,51.2859,169,169
60,60.3779,10:30:47,0.507614,1800,0.377918,13.9074,57.5846,191,191
85,61.8827,10:30:52,81.5642,1800,-23.1173,-2126.79,-327.704,-2334,0
85,61.254,10:30:57,81.5642,1800,-23.746,-2184.63,-723.471,-2788,0
85,62.993,10:31:2,81.5642,1800,-22.007,-2024.64,-1090.25,-2994,0
75,64.8714,10:31:8,62.7027,1800,-10.1286,-559.098,-1259.06,-1698,0
75,64.0853,10:31:13,62.7027,1800,-10.9147,-602.494,-1440.98,-1923,0
75,64.104,10:31:18,62.7027,1800,-10.896,-601.458,-1622.58,-2104,0
70,64.5929,10:31:23,25.6281,700,-5.40709,-248.726,-1712.69,-1841,0
70,63.6678,10:31:28,25.6281,1800,-6.3322,-291.281,-1818.23,-1989,0
70,63.5266,10:31:33,25.6281,1800,-6.47341,-297.777,-1926.12,-2103,0
60,63.7073,10:31:39,12.0603,700,3.70726,136.427,-1864.33,-1607,0
60,63.4818,10:31:44,12.0603,700,3.48183,128.131,-1806.3,-1558,0
60,63.8002,10:31:49,12.0603,1800,3.80019,139.847,-1742.97,-1483,0
60,64.0755,10:31:54,1.0101,1800,4.07552,149.979,-1675.04,-1405,0
60,64.4927,10:31:59,1.0101,1800,4.49266,165.33,-1600.16,-1314,0
60,64.2909,10:32:4,1.0101,700,4.29087,157.904,-1528.65,-1250,0
60,65.196,10:32:10,9.18367,800,5.19599,191.213,-1442.05,-1130,0
60,65.3352,10:32:15,9.18367,1800,5.33521,196.336,-1353.13,-1036,0
60,66.0309,10:32:20,9.18367,1800,6.03093,221.938,-1252.61,-910,0
60,66.4414,10:32:25,0.502513,1800,6.44139,237.043,-1145.26,-788,0
60,66.7259,10:32:30,0.502513,1800,6.72594,247.514,-1033.16,-665,0
60,66.5596,10:32:35,0.502513,1000,6.55959,241.393,-923.831,-562,0
70,67.1761,10:32:41,46.7005,700,-2.82394,-129.901,-970.897,-980,0
70,67.3838,10:32:46,46.7005,1800,-2.6162,-120.345,-1014.5,-1014,0
70,67.3072,10:32:51,46.7005,1800,-2.69282,-123.87,-1059.38,-1063,0
60,67.2995,10:32:56,18,1800,7.29952,268.622,-937.722,-549,0
60,69.052,10:33:1,18,700,9.05196,333.112,-786.856,-333,0
60,67.9123,10:33:6,18,1800,7.9123,291.173,-654.984,-243,0
60,68.9671,10:33:12,1.01523,1800,8.96713,329.991,-505.532,-55,0
60,70.3388,10:33:17,1.01523,1800,10.3388,380.468,-333.219,167,167
60,72.1318,10:33:22,1.01523,1800,12.1318,446.45,-131.022,435,255
70,70.1683,10:33:27,28.6458,1800,0.168282,7.74095,-128.217,0,0
70,70.0693,10:33:32,28.6458,1800,0.0693283,3.1891,-127.062,-3,0
70,69.8159,10:33:37,28.6458,700,-0.184067,-8.46707,-130.13,-18,0
60,70.3263,10:33:43,7.06522,1800,10.3263,380.008,41.9751,541,255
60,70.3773,10:33:48,7.06522,700,10.3773,381.886,214.931,716,255
60,68.824,10:33:53,7.06522,1800,8.82404,324.725,361.998,806,255
60,67.0129,10:33:58,2.03046,700,7.01291,258.075,478.88,856,255
60,66.637,10:34:3,2.03046,1800,6.63699,244.241,589.496,953,255
60,64.9923,10:34:8,2.03046,1800,4.9923,183.717,672.701,976,255
60,64.7304,10:34:14,0.50505,700,4.73043,174.08,751.542,1045,255
60,64.8017,10:34:19,0.50505,1800,4.80165,176.701,831.569,1128,255
60,64.5653,10:34:24,0.50505,1800,4.56527,168.002,907.657,1195,255
85,65.9052,10:34:29,77.2487,1800,-19.0948,-1756.72,589.411,-1047,0
85,63.6042,10:34:34,77.2487,1800,-21.3958,-1968.41,232.815,-1615,0
85,63.5202,10:34:39,77.2487,1800,-21.4798,-1976.14,-125.181,-1981,0
60,63.7553,10:34:45,1.00503,1800,3.75533,138.196,-62.5925,195,195
60,64.1684,10:34:50,1.00503,1800,4.16844,153.399,6.88154,280,255
60,63.3818,10:34:55,1.00503,1800,3.38185,124.452,63.2457,307,255
60,63.4493,10:35:0,8.4507,1800,3.44929,126.934,120.734,367,255
60,63.4073,10:35:5,8.4507,1800,3.40734,125.39,177.523,422,255
60,63.3057,10:35:10,8.4507,1800,3.30574,121.651,232.618,474,255
60,62.6138,10:35:16,1.0101,1800,2.61378,96.1871,276.181,492,255
60,62.3498,10:35:21,1.0101,1800,2.34978,86.4721,315.345,521,255
60,62.3234,10:35:26,1.0101,1800,2.32338,85.5005,354.068,559,255
70,61.9798,10:35:31,26.8041,700,-8.02016,-368.927,220.398,-28,0
70,59.9975,10:35:36,26.8041,1800,-10.0025,-460.116,53.6897,-286,0
70,60.9681,10:35:41,26.8041,1800,-9.03194,-415.469,-96.8427,-392,0
60,61.0651,10:35:47,1.51515,1800,1.06511,39.1962,-79.0908,80,0
60,62.1949,10:35:52,1.51515,1800,2.19492,80.7729,-42.5089,158,158
60,62.6488,10:35:57,1.51515,1800,2.6488,97.4757,1.63771,219,219
60,62.5481,10:36:2,2.05128,1800,2.54808,93.7695,44.1058,257,255
60,61.5153,10:36:7,2.05128,1800,1.51531,55.7635,69.361,245,245
60,61.2659,10:36:12,2.05128,700,1.26594,46.5865,90.46,257,255
60,60.8514,10:36:18,3.33333,1800,0.851398,31.3315,104.65,255,255
60,60.8586,10:36:23,3.33333,1800,0.858643,31.598,118.961,270,255
60,60.5185,10:36:28,3.33333,1800,0.518471,19.0797,127.602,266,255
60,59.4618,10:36:33,2.0202,1800,-0.538246,-19.8075,118.631,218,218
60,59.5509,10:36:38,2.0202,1800,-0.44912,-16.5276,111.146,214,214
60,59.4624,10:36:43,2.0202,1800,-0.537609,-19.784,102.186,202,202
70,59.9892,10:36:49,29.2929,1800,-10.0108,-460.495,-64.6605,-405,0
70,59.6036,10:36:54,29.2929,700,-10.3964,-478.233,-237.933,-596,0
70,58.7372,10:36:59,29.2929,1800,-11.2628,-518.091,-425.647,-823,0
60,59.5758,10:37:4,0,1800,-0.424183,-15.6099,-432.717,-328,0
60,60.2928,10:37:9,0,700,0.292786,10.7745,-427.837,-297,0
60,59.8288,10:37:14,0,1800,-0.171215,-6.30071,-430.691,-316,0
60,60.2694,10:37:20,1.0101,700,0.269386,9.91342,-426.201,-296,0
60,59.6803,10:37:25,1.0101,1800,-0.31966,-11.7635,-431.529,-323,0
60,60.3519,10:37:30,1.0101,700,0.351929,12.951,-425.663,-292,0
60,60.1269,10:37:35,5.10204,1800,0.1269,4.66991,-423.548,-298,0
60,60.9323,10:37:40,5.10204,700,0.932293,34.3084,-408.01,-253,0
60,61.0128,10:37:45,5.10204,1800,1.01284,37.2724,-391.129,-233,0
60,61.3131,10:37:51,1.0101,1800,1.31309,48.3216,-369.245,-200,0
60,61.8301,10:37:56,1.0101,700,1.83012,67.3483,-338.743,-151,0
60,62.4662,10:38:1,1.0101,1800,2.46622,90.7568,-297.639,-86,0
60,63.4064,10:38:6,13.9175,800,3.40643,125.356,-240.865,4,0
60,63.5491,10:38:11,13.9175,1800,3.54914,130.609,-181.713,68,0
60,63.6121,10:38:16,13.9175,1800,3.61212,132.926,-121.511,131,131
70,64.495,10:38:22,32.6316,1800,-5.50498,-253.229,-213.261,-346,0
70,66.8235,10:38:27,32.6316,1800,-3.1765,-146.119,-266.202,-292,0
70,66.5207,10:38:32,32.6316,1800,-3.47935,-160.05,-324.191,-364,0
60,67.2696,10:38:38,11.7949,1800,7.26957,267.52,-203.032,184,184
60,67.1984,10:38:43,11.7949,1800,7.19836,264.9,-83.0592,301,255
60,65.9737,10:38:48,11.7949,1800,5.97374,219.834,16.5031,356,255
60,64.4877,10:38:53,1.02564,1800,4.48768,165.147,91.2978,376,255
60,65.0209,10:38:58,1.02564,1800,5.02087,184.768,174.979,479,255
60,64.4898,10:39:3,1.02564,1800,4.48979,165.224,249.809,535,255
60,63.1705,10:39:9,1.51515,700,3.17048,116.674,302.65,539,255
60,62.2107,10:39:14,1.51515,1800,2.21065,81.352,339.494,540,255
60,62.5043,10:39:19,1.51515,1800,2.50426,92.157,381.232,593,255
60,61.4622,10:39:24,2.03046,1800,1.46223,53.8101,405.603,579,255
60,62.9651,10:39:29,2.03046,1800,2.96513,109.117,455.022,684,255
60,61.5083,10:39:34,2.03046,1800,1.50832,55.5062,480.16,655,255
70,61.8983,10:39:40,28.0612,1800,-8.10167,-372.677,345.132,92,0
70,61.499,10:39:45,28.0612,1800,-8.50097,-391.044,203.45,-67,0
70,62.1896,10:39:50,28.0612,1800,-7.81039,-359.278,73.2764,-166,0
60,62.5509,10:39:55,2.47934,1800,2.55087,93.8718,115.791,329,255
60,63.3662,10:40:0,2.47934,700,3.36619,123.876,171.894,415,255
60,61.6945,10:40:5,2.47934,1800,1.69453,62.3586,200.136,382,255
70,61.8683,10:40:11,39.4872,1800,-8.13174,-374.06,64.6071,-189,0
70,61.5447,10:40:16,39.4872,1800,-8.45527,-388.943,-76.3141,-345,0
70,62.2429,10:40:21,39.4872,1800,-7.75712,-356.828,-205.6,-442,0
60,61.9231,10:40:26,9.09091,700,1.92309,70.7696,-173.548,17,0
60,61.8911,10:40:31,9.09091,1800,1.89111,69.593,-142.029,47,0
60,61.4009,10:40:36,9.09091,700,1.40092,51.5538,-118.681,52,0
60,61.5467,10:40:42,1.51515,1800,1.5467,56.9185,-92.9025,84,0
60,62.097,10:40:47,1.51515,1800,2.09697,77.1686,-57.953,139,139
60,63.1747,10:40:52,1.51515,1800,3.1747,116.829,-5.04128,231,231
70,64.3052,10:40:57,30.198,1800,-5.69482,-261.962,-99.955,-241,0
70,64.0773,10:41:2,30.198,1800,-5.92268,-272.443,-198.666,-351,0
70,63.1779,10:41:7,30.198,700,-6.82206,-313.815,-312.367,-506,0
60,63.575,10:41:13,1.51515,1800,3.575,131.56,-252.784,-1,0
60,63.4686,10:41:18,1.51515,700,3.46861,127.645,-194.974,52,0
60,63.6528,10:41:23,1.51515,1800,3.65276,134.422,-134.095,120,0
60,63.6225,10:41:28,1.51515,700,3.62248,133.307,-73.72,179,179
60,63.5708,10:41:33,1.51515,1800,3.57075,131.404,-14.2075,237,237
60,63.2247,10:41:38,1.51515,1800,3.22468,118.668,39.5372,278,255
60,62.1674,10:41:44,2.0202,1800,2.16738,79.7595,75.6601,275,255
60,62.1103,10:41:49,2.0202,700,2.11034,77.6605,110.832,308,255
60,60.9845,10:41:54,2.0202,1800,0.984539,36.231,127.241,283,255
60,60.5798,10:41:59,1.50754,1800,0.579762,21.3352,136.904,278,255
60,60.2958,10:42:4,1.50754,700,0.295784,10.8849,141.834,272,255
60,59.3908,10:42:9,1.50754,700,-0.609222,-22.4194,131.68,229,229
60,59.2029,10:42:15,11.4583,1800,-0.797119,-29.334,118.395,209,209
60,59.5737,10:42:20,11.4583,1100,-0.426308,-15.6881,111.29,215,215
60,59.8543,10:42:25,11.4583,1800,-0.145729,-5.36283,108.861,223,223
60,59.8823,10:42:30,2.51256,1800,-0.117668,-4.33019,106.9,222,222
60,59.0572,10:42:35,2.51256,1800,-0.942772,-34.694,91.1869,176,176
60,58.1955,10:42:40,2.51256,1800,-1.80448,-66.4049,61.1122,114,0
60,58.9373,10:42:46,0.502513,1800,-1.06274,-39.109,43.3998,124,124
60,60.4724,10:42:51,0.502513,1800,0.472431,17.3855,51.2737,188,188
60,61.8434,10:42:56,0.502513,1800,1.84344,67.8388,81.9978,269,255
85,63.052,10:43:1,89.5288,1800,-21.948,-2019.22,-283.803,-2183,0
85,63.2702,10:43:6,89.5288,1800,-21.7298,-1999.14,-645.966,-2525,0
85,63.6816,10:43:11,89.5288,1800,-21.3184,-1961.29,-1001.27,-2842,0
70,63.2845,10:43:17,44.0415,1800,-6.71553,-308.915,-1113.2,-1302,0
70,65.0466,10:43:22,44.0415,1800,-4.95335,-227.854,-1195.75,-1303,0
70,65.5638,10:43:27,44.0415,1800,-4.43623,-204.067,-1269.69,-1353,0
75,65.0311,10:43:32,62.5,700,-9.96892,-550.284,-1435.84,-1866,0
75,63.6629,10:43:37,62.5,1800,-11.3371,-625.807,-1624.79,-2130,0
75,64.354,10:43:42,62.5,1800,-10.646,-587.659,-1802.22,-2269,0
70,65.3971,10:43:48,38.6076,1800,-4.6029,-211.733,-1878.94,-1970,0
70,65.1118,10:43:53,38.6076,1800,-4.88818,-224.856,-1960.41,-2065,0
70,64.9372,10:43:58,38.6076,1800,-5.06281,-232.889,-2044.79,-2157,0
60,64.6762,10:44:3,1.00503,700,4.67622,172.085,-1966.85,-1674,0
60,64.2605,10:44:8,1.00503,1800,4.26053,156.787,-1895.84,-1619,0
60,65.1443,10:44:13,1.00503,1800,5.14426,189.309,-1810.11,-1500,0
60,64.6969,10:44:19,1.0101,1000,4.69693,172.847,-1731.82,-1438,0
60,65.3827,10:44:24,1.0101,1800,5.3827,198.083,-1642.11,-1324,0
60,66.8149,10:44:29,1.0101,1800,6.81487,250.787,-1528.53,-1157,0
60,66.7146,10:44:34,3.80435,1800,6.71458,247.097,-1416.62,-1049,0
60,67.8734,10:44:39,3.80435,1800,7.87337,289.74,-1285.4,-875,0
60,67.1613,10:44:44,3.80435,1800,7.16134,263.537,-1166.04,-782,0
60,67.3336,10:44:50,2.63158,1800,7.33363,269.878,-1043.82,-653,0
60,66.7665,10:44:55,2.63158,700,6.76646,249.006,-931.041,-562,0
60,67.6837,10:45:0,2.63158,1800,7.68375,282.762,-802.979,-400,0
60,68.9443,10:45:5,5.58376,1800,8.94428,329.15,-653.907,-204,0
60,69.0216,10:45:10,5.58376,1800,9.02163,331.996,-503.547,-51,0
60,68.932,10:45:15,5.58376,1800,8.93196,328.696,-354.681,94,0
70,69.6048,10:45:21,36.7347,1800,-0.395203,-18.1793,-361.268,-259,0
70,69.2338,10:45:26,36.7347,1800,-0.76622,-35.2461,-374.038,-289,0
70,70.7064,10:45:31,36.7347,1800,0.706383,32.4936,-362.265,-209,0
60,70.6101,10:45:36,4.54545,1800,10.6101,390.453,-185.429,325,255
60,71.1849,10:45:41,4.54545,1800,11.1849,411.605,0.986136,532,255
60,69.5866,10:45:46,4.54545,700,9.58659,352.787,160.763,633,255
60,67.4788,10:45:52,1.01523,1800,7.47876,275.218,285.409,680,255
60,66.294,10:45:57,1.01523,700,6.29398,231.619,390.308,741,255
60,64.9093,10:46:2,1.01523,700,4.9093,180.662,472.13,772,255
60,64.3812,10:46:7,2.51256,1800,4.38124,161.23,545.151,826,255
60,63.5492,10:46:12,2.51256,700,3.54923,130.612,604.305,854,255
60,62.8329,10:46:17,2.51256,1800,2.83293,104.252,651.52,875,255
60,62.9074,10:46:23,1.71429,1800,2.9074,106.992,699.977,926,255
60,61.6973,10:46:28,1.71429,700,1.69735,62.4623,728.266,910,255
60,61.138,10:46:33,1.71429,1800,1.13804,41.8798,747.233,909,255
60,61.1308,10:46:38,7.61421,1800,1.13081,41.6138,766.08,927,255
60,60.3022,10:46:43,7.61421,700,0.302185,11.1204,771.116,902,255
60,59.3427,10:46:48,7.61421,1800,-0.657276,-24.1878,760.162,855,255
60,59.2955,10:46:54,0.502513,1800,-0.704521,-25.9264,748.42,842,255
60,59.4368,10:46:59,0.502513,700,-0.563152,-20.724,739.034,838,255
60,58.0874,10:47:4,0.502513,700,-1.91262,-70.3844,707.157,756,255
70,59.9004,10:47:9,30.0613,1800,-10.0996,-464.58,538.831,194,194
70,59.6921,10:47:14,30.0613,700,-10.3079,-474.161,367.033,12,0
70,58.5512,10:47:19,30.0613,1800,-11.4488,-526.644,176.22,-230,0
60,59.9468,10:47:25,23.3696,1800,-0.0531731,-1.95677,175.334,293,255
60,60.6708,10:47:30,23.3696,700,0.670788,24.685,186.514,331,255
60,59.0874,10:47:35,23.3696,1800,-0.912621,-33.5844,171.303,257,255
60,58.442,10:47:40,1.00503,1800,-1.55796,-57.3331,145.337,208,208
60,58.0853,10:47:45,1.00503,700,-1.9147,-70.4608,113.426,162,162
60,57.4165,10:47:50,1.00503,700,-2.58347,-95.0718,70.3678,95,0
60,56.96,10:47:56,3.06122,1800,-3.03996,-111.87,19.7019,27,0
60,57.6449,10:48:1,3.06122,700,-2.3551,-86.6678,-19.5498,13,0
60,59.077,10:48:6,3.06122,1800,-0.923004,-33.9666,-34.9332,51,0
70,60.0968,10:48:11,37.013,1800,-9.9032,-455.547,-199.987,-535,0
70,60.4423,10:48:16,37.013,1800,-9.55772,-439.655,-359.282,-678,0
70,61.5969,10:48:21,37.013,1800,-8.40307,-386.541,-499.333,-765,0
70,63.076,10:48:27,40.9091,1800,-6.924,-318.504,-614.733,-813,0
70,63.5161,10:48:32,40.9091,1800,-6.48389,-298.259,-722.798,-901,0
70,62.44,10:48:37,40.9091,1800,-7.55999,-347.759,-848.798,-1076,0
60,62.1863,10:48:43,1.33333,700,2.1863,80.4559,-812.359,-611,0
60,62.6479,10:48:48,1.33333,1800,2.64794,97.4441,-768.227,-550,0
60,62.7915,10:48:53,1.33333,700,2.7915,102.727,-721.702,-498,0
60,62.3189,10:48:58,2.06186,1800,2.31886,85.3339,-683.054,-477,0
60,63.2456,10:49:3,2.06186,1800,3.24559,119.438,-628.961,-389,0
60,62.9487,10:49:8,2.06186,700,2.94866,108.511,-579.817,-351,0
60,63.1138,10:49:14,2.53807,1800,3.11377,114.587,-527.921,-293,0
60,62.8868,10:49:19,2.53807,700,2.88679,106.234,-479.808,-253,0
60,62.5232,10:49:24,2.53807,700,2.52319,92.8532,-437.754,-224,0
60,62.9738,10:49:29,1.51515,1800,2.97382,109.437,-388.191,-158,0
60,63.4572,10:49:34,1.51515,700,3.45719,127.225,-330.571,-83,0
60,63.6516,10:49:39,1.51515,1800,3.65162,134.38,-269.71,-15,0
60,63.3789,10:49:45,2.0202,700,3.37887,124.342,-213.396,30,0
60,62.962,10:49:50,2.0202,700,2.96199,109.001,-164.029,64,0
60,63.6508,10:49:55,2.0202,1800,3.65081,134.35,-103.183,151,151
60,63.2814,10:50:0,3.07692,700,3.28138,120.755,-48.4929,192,192
60,62.9522,10:50:5,3.07692,1800,2.95225,108.643,0.711223,229,229
60,64.6238,10:50:10,3.07692,1800,4.62383,170.157,77.775,367,255
60,66.0085,10:50:16,15.5172,1800,6.00848,221.112,177.916,519,255
60,64.4425,10:50:21,15.5172,1800,4.44246,163.483,251.957,535,255
60,64.9677,10:50:26,15.5172,1800,4.96765,182.81,334.752,637,255
70,65.215,10:50:31,37.931,1800,-4.78503,-220.111,255.001,154,154
70,63.9248,10:50:36,37.931,700,-6.0752,-279.459,153.748,-5,0
70,62.2861,10:50:41,37.931,1800,-7.71392,-354.84,25.1826,-209,0
60,62.4144,10:50:47,1.33333,700,2.41442,88.8506,65.4228,274,255
60,61.648,10:50:52,1.33333,700,1.64805,60.6482,92.8903,273,255
60,61.2792,10:50:57,1.33333,1800,1.27921,47.075,114.211,281,255
60,61.0475,10:51:2,1,700,1.04753,38.549,131.669,290,255
60,60.4887,10:51:7,1,1800,0.488659,17.9826,139.814,277,255
60,60.725,10:51:12,1,1800,0.724968,26.6788,151.896,298,255
75,63.768,10:51:18,56.6327,1800,-11.232,-620.007,-35.3036,-535,0
75,64.4619,10:51:23,56.6327,1800,-10.5381,-581.703,-210.939,-672,0
75,63.6547,10:51:28,56.6327,1800,-11.3453,-626.261,-400.027,-906,0
60,63.087,10:51:33,17.5,1800,3.08698,113.601,-348.578,-114,0
60,63.2737,10:51:38,17.5,1800,3.2737,120.472,-294.016,-53,0
60,64.3151,10:51:43,17.5,700,4.31508,158.795,-222.098,56,0
70,64.5653,10:51:49,41.954,1200,-5.43468,-249.996,-312.676,-442,0
70,65.9539,10:51:54,41.954,1800,-4.04607,-186.119,-380.11,-446,0
70,65.9467,10:51:59,41.954,1800,-4.0533,-186.452,-447.665,-514,0
75,66.7252,10:52:4,67.7778,1800,-8.27483,-456.77,-585.579,-922,0
75,67.5822,10:52:9,67.7778,1800,-7.41778,-409.461,-709.209,-998,0
75,67.4731,10:52:14,67.7778,1800,-7.52687,-415.483,-834.657,-1130,0
60,66.5369,10:52:20,8.16327,1800,6.53691,240.558,-725.708,-365,0
60,66.6381,10:52:25,8.16327,1800,6.63809,244.282,-615.073,-250,0
60,68.2066,10:52:30,8.16327,1800,8.20662,302.004,-478.296,-56,0
70,69.0453,10:52:35,39.726,1800,-0.954735,-43.9178,-494.208,-418,0
70,69.1778,10:52:40,39.726,1800,-0.822174,-37.82,-507.911,-425,0
70,68.2658,10:52:45,39.726,1800,-1.73421,-79.7735,-536.815,-496,0
60,67.6876,10:52:51,1,700,7.68758,282.903,-408.688,-5,0
60,66.7532,10:52:56,1,1800,6.75316,248.516,-296.136,72,0
60,66.9032,10:53:1,1,700,6.90321,254.038,-181.082,192,192
60,67.6974,10:53:6,4.71204,1800,7.69743,283.265,-52.7918,350,255
60,68.556,10:53:11,4.71204,1800,8.55605,314.862,89.8089,524,255
60,68.5445,10:53:16,4.71204,1800,8.54451,314.438,232.217,666,255
60,66.4006,10:53:22,5.07614,1800,6.40056,235.541,338.893,694,255
60,66.5758,10:53:27,5.07614,1800,6.57576,241.988,448.489,810,255
60,67.3238,10:53:32,5.07614,1800,7.32378,269.515,570.552,960,255
70,66.4733,10:53:37,33.3333,1800,-3.52672,-162.229,511.774,469,255
70,64.5376,10:53:42,33.3333,700,-5.46236,-251.269,420.734,289,255
70,63.0292,10:53:47,33.3333,1800,-6.97083,-320.658,304.554,103,0
60,62.6835,10:53:53,1.6129,700,2.68352,98.7536,349.279,568,255
60,63.0386,10:53:58,1.6129,1800,3.03856,111.819,399.922,631,255
60,62.7819,10:54:3,1.6129,1800,2.78186,102.372,446.286,668,255
60,62.1231,10:54:8,1,1800,2.12309,78.1297,481.671,679,255
60,61.6189,10:54:13,1,1800,1.61892,59.5761,508.653,688,255
60,60.9354,10:54:18,1,1800,0.935394,34.4225,524.243,678,255
60,60.3313,10:54:24,0.50505,1800,0.331341,12.1933,529.765,661,255
60,59.8813,10:54:29,0.50505,700,-0.118664,-4.36683,527.787,643,255
60,59.3493,10:54:34,0.50505,1800,-0.650665,-23.9445,516.943,612,255
60,59.8318,10:54:39,2.48756,1800,-0.168163,-6.18841,514.14,627,255
60,61.0002,10:54:44,2.48756,1800,1.00019,36.807,530.81,687,255
60,61.0196,10:54:49,2.48756,1800,1.01962,37.5221,547.804,705,255
70,60.7294,10:54:55,35.7143,1800,-9.27064,-426.449,393.293,86,0
70,58.9958,10:55:0,35.7143,700,-11.0042,-506.192,209.89,-176,0
70,58.6764,10:55:5,35.7143,1800,-11.3236,-520.887,21.1632,-379,0
60,58.8392,10:55:10,1.00503,700,-1.16077,-42.7162,1.81714,79,0
60,59.2451,10:55:15,1.00503,1800,-0.754871,-27.7793,-10.764,81,0
60,59.0909,10:55:20,1.00503,700,-0.909096,-33.4547,-25.9156,60,0
60,60.0495,10:55:26,2.53807,1800,0.0494919,1.8213,-25.0908,96,0
60,60.7298,10:55:31,2.53807,700,0.729755,26.855,-12.9282,133,133
60,60.5056,10:55:36,2.53807,1800,0.505577,18.6052,-4.50191,134,134
60,60.0449,10:55:41,4.08163,1800,0.0448608,1.65088,-3.75423,117,0
60,60.3884,10:55:46,4.08163,700,0.38839,14.2927,2.71893,137,137
60,59.9844,10:55:51,4.08163,700,-0.0155563,-0.572473,2.45966,121,121
60,59.6031,10:55:57,2.01005,1800,-0.396858,-14.6044,-4.15464,101,0
60,60.2468,10:56:2,2.01005,700,0.246819,9.08292,-0.0409987,129,129
60,59.8242,10:56:7,2.01005,1800,-0.175819,-6.47015,-2.97132,110,0
60,59.8306,10:56:12,2,700,-0.16938,-6.23319,-5.79433,107,0
60,60.7079,10:56:17,2,1800,0.707867,26.0495,6.00345,152,152
60,61.1852,10:56:22,2,1800,1.18519,43.6151,25.7567,189,189
70,61.6225,10:56:28,45.7627,1800,-8.37748,-385.364,-113.868,-379,0
70,61.5202,10:56:33,45.7627,700,-8.47985,-390.073,-255.199,-525,0
70,61.2664,10:56:38,45.7627,1800,-8.73358,-401.745,-400.759,-682,0
60,61.4358,10:56:43,1,700,1.43584,52.8391,-376.828,-203,0
60,61.3067,10:56:48,1,1800,1.30669,48.0862,-355.05,-186,0
60,61.7808,10:56:53,1,700,1.78077,65.5325,-325.37,-139,0
60,61.3412,10:56:59,1.51515,700,1.34118,49.3554,-303.017,-133,0
60,61.5407,10:57:4,1.51515,1800,1.54072,56.6986,-277.338,-100,0
60,63.2165,10:57:9,1.51515,1800,3.21648,118.366,-223.73,14,0
60,64.9425,10:57:14,20.3046,1800,4.94245,181.882,-141.356,160,160
60,64.4333,10:57:19,20.3046,700,4.43325,163.144,-67.4687,215,215
60,63.8466,10:57:24,20.3046,1800,3.84663,141.556,-3.35816,258,255
75,66.0282,10:57:30,53.2995,1800,-8.97183,-495.245,-152.889,-528,0
75,66.295,10:57:35,53.2995,1000,-8.70498,-480.515,-297.972,-658,0
75,65.3964,10:57:40,53.2995,1800,-9.60359,-530.118,-458.032,-868,0
60,64.4299,10:57:45,1.00503,1800,4.42995,163.022,-384.199,-101,0
60,64.6255,10:57:50,1.00503,1800,4.6255,170.219,-307.107,-16,0
60,64.4016,10:57:55,1.00503,700,4.40156,161.977,-233.748,48,0
70,65.3045,10:58:1,43.2292,700,-4.69554,-215.995,-312.007,-408,0
70,65.4435,10:58:6,43.2292,1800,-4.55655,-209.601,-387.95,-477,0
70,66.8696,10:58:11,43.2292,1800,-3.13036,-143.996,-440.122,-464,0
70,67.7915,10:58:16,38.961,1800,-2.20853,-101.593,-476.931,-458,0
70,66.8609,10:58:21,38.961,1800,-3.13905,-144.396,-529.249,-553,0
70,67.888,10:58:26,38.961,1800,-2.11201,-97.1523,-564.449,-541,0
75,69.0134,10:58:32,58.2011,1800,-5.9866,-330.46,-664.225,-874,0
75,70.0999,10:58:37,58.2011,1800,-4.90005,-270.483,-745.893,-896,0
75,70.4034,10:58:42,58.2011,1800,-4.5966,-253.733,-822.503,-956,0
60,68.9727,10:58:47,5.58376,1800,8.97274,330.197,-672.957,-222,0
60,68.4401,10:58:52,5.58376,700,8.44008,310.595,-532.289,-101,0
60,68.192,10:58:57,5.58376,1800,8.19201,301.466,-395.756,25,0
60,69.0438,10:59:3,0.502513,1800,9.04381,332.812,-245.026,207,207
60,69.0316,10:59:8,0.502513,1800,9.03159,332.362,-94.4993,357,255
60,68.1538,10:59:13,0.502513,700,8.15376,300.059,41.3968,461,255
60,67.1894,10:59:18,1.51515,1800,7.18938,264.569,161.22,545,255
60,67.0929,10:59:23,1.51515,1800,7.09294,261.02,279.435,660,255
60,66.645,10:59:28,1.51515,1800,6.645,244.536,390.185,754,255
75,67.3307,10:59:34,66.3212,1800,-7.6693,-423.345,262.364,-40,0
75,67.6428,10:59:39,66.3212,1800,-7.35722,-406.119,139.743,-146,0
75,68.0636,10:59:44,66.3212,1800,-6.93642,-382.89,24.1364,-238,0
60,66.8882,10:59:49,5.64103,700,6.88816,253.484,138.939,512,255
60,65.6992,10:59:54,5.64103,1800,5.69922,209.731,233.926,563,255
60,64.9959,10:59:59,5.64103,700,4.99593,183.85,317.191,621,255
60,63.7568,11:0:5,3.0303,1800,3.7568,138.25,379.805,638,255
60,63.6816,11:0:10,3.0303,1800,3.68159,135.482,441.165,696,255
60,62.6027,11:0:15,3.0303,1800,2.60267,95.7782,484.542,700,255
60,62.0078,11:0:20,6,700,2.00777,73.886,518.005,711,255
60,60.5847,11:0:25,6,700,0.584679,21.5162,527.75,669,255
60,60.5885,11:0:30,6,1800,0.58847,21.6557,537.558,679,255
60,60.4427,11:0:36,1.52284,1800,0.442749,16.2932,544.937,681,255
60,59.4542,11:0:41,1.52284,700,-0.545826,-20.0864,535.84,635,255
60,59.404,11:0:46,1.52284,1800,-0.595985,-21.9323,525.907,623,255
60,58.0841,11:0:52,2.04082,700,-1.9159,-70.5053,493.975,543,255
60,57.4651,11:0:57,2.04082,1800,-2.53489,-93.2841,451.727,478,255
60,57.8902,11:1:2,2.04082,1800,-2.10979,-77.6404,416.564,458,255
60,59.345,11:1:7,1.00503,1800,-0.654976,-24.1031,405.647,501,255
60,61.2924,11:1:12,1.00503,1800,1.29241,47.5606,427.187,594,255
60,61.9254,11:1:17,1.00503,1800,1.92545,70.8564,459.278,650,255
70,62.0861,11:1:23,32.7586,1800,-7.91386,-364.037,327.381,83,0
70,62.8814,11:1:28,32.7586,1800,-7.11858,-327.455,208.738,1,0
70,64.8602,11:1:33,32.7586,1800,-5.13976,-236.429,123.075,6,0
85,65.1555,11:1:38,75.5556,1800,-19.8445,-1825.69,-207.666,-1913,0
85,66.9383,11:1:43,75.5556,1800,-18.0617,-1661.68,-508.695,-2050,0
85,69.1619,11:1:48,75.5556,1800,-15.8381,-1457.1,-772.663,-2109,0
75,70.9914,11:1:54,74.8603,1800,-4.00861,-221.275,-839.473,-940,0
75,70.249,11:1:59,74.8603,1800,-4.75096,-262.253,-918.656,-1060,0
75,71.441,11:2:4,74.8603,1800,-3.55899,-196.456,-977.972,-1054,0
85,71.2193,11:2:9,78.5714,1800,-13.7807,-1267.82,-1207.65,-2355,0
85,70.4666,11:2:14,78.5714,1800,-14.5334,-1337.07,-1449.87,-2666,0
85,68.6382,11:2:19,78.5714,1800,-16.3618,-1505.29,-1722.57,-3107,0
75,69.4293,11:2:25,53.9394,1800,-5.57068,-307.502,-1815.42,-2002,0
75,68.7779,11:2:30,53.9394,1800,-6.22206,-343.458,-1919.12,-2142,0
75,71.1478,11:2:35,53.9394,1800,-3.8522,-212.642,-1983.32,-2075,0
60,70.5569,11:2:40,7.40741,1800,10.5569,388.493,-1807.37,-1298,0
60,71.3257,11:2:45,7.40741,700,11.3257,416.785,-1618.61,-1081,0
60,70.8182,11:2:50,7.40741,1800,10.8182,398.109,-1438.31,-920,0
60,72.0823,11:2:56,5.76923,1800,12.0823,444.629,-1236.94,-672,0
60,72.0626,11:3:1,5.76923,1800,12.0626,443.905,-1035.89,-471,0
60,71.8172,11:3:6,5.76923,1800,11.8172,434.872,-838.938,-284,0
75,72.7179,11:3:11,71.3235,1800,-2.28208,-125.971,-876.973,-882,0
75,71.347,11:3:16,71.3235,1800,-3.653,-201.646,-937.856,-1019,0
75,71.5995,11:3:21,71.3235,1800,-3.4005,-187.707,-994.531,-1062,0
70,71.7709,11:3:27,44.1176,1800,1.77086,81.4595,-965.017,-763,0
70,72.762,11:3:32,44.1176,1800,2.76199,127.051,-918.984,-671,0
70,72.3741,11:3:37,44.1176,1800,2.3741,109.209,-879.416,-650,0
85,73.2606,11:3:42,80,1800,-11.7394,-1080.02,-1075.07,-2035,0
85,73.6415,11:3:47,80,1800,-11.3585,-1044.99,-1264.38,-2189,0
85,73.7282,11:3:52,80,1800,-11.2718,-1037,-1452.24,-2369,0
60,74.9057,11:3:58,13.0719,1800,14.9057,548.531,-1203.81,-535,0
60,73.806,11:4:3,13.0719,1800,13.806,508.06,-973.715,-345,0
60,72.9655,11:4:8,13.0719,1800,12.9655,477.13,-757.624,-160,0
60,73.5632,11:4:13,1.96078,1800,13.5632,499.128,-531.569,87,0
60,74.4509,11:4:18,1.96078,1800,14.4509,531.794,-290.721,361,255
60,73.7605,11:4:23,1.96078,1800,13.7605,506.386,-61.3791,565,255
60,74.4706,11:4:29,2.94118,1800,14.4706,532.52,179.798,832,255
60,73.032,11:4:34,2.94118,1800,13.032,479.576,396.998,996,255
60,74.3491,11:4:39,2.94118,1800,14.3491,528.047,636.149,1284,255
70,72.7276,11:4:44,26.3158,1800,2.72762,125.47,681.61,927,255
70,70.5688,11:4:49,26.3158,1800,0.568771,26.1635,691.089,837,255
70,70.2068,11:4:54,26.3158,1800,0.206779,9.51186,694.536,824,255
60,68.5148,11:5:0,3.84615,1800,8.51479,313.344,836.449,1269,255
60,68.1508,11:5:5,3.84615,800,8.15078,299.949,972.295,1392,255
60,67.2378,11:5:10,3.84615,1800,7.23778,266.35,1092.92,1479,255
60,67.0004,11:5:15,19.0476,1800,7.00038,257.614,1209.6,1587,255
60,68.0967,11:5:20,19.0476,1800,8.09674,297.96,1344.54,1762,255
60,68.3525,11:5:25,19.0476,1800,8.35248,307.371,1483.75,1911,255
60,65.7483,11:5:31,8,1800,5.74825,211.536,1579.56,1911,255
60,66.1696,11:5:36,8,1800,6.16963,227.042,1682.38,2029,255
60,65.2378,11:5:41,8,1800,5.23777,192.75,1769.68,2082,255
70,65.3394,11:5:46,28.2178,1800,-4.66062,-214.389,1692,1597,255
70,65.1547,11:5:51,28.2178,1800,-4.84526,-222.882,1611.25,1508,255
70,63.6266,11:5:56,28.2178,700,-6.37342,-293.177,1505.02,1331,255
85,62.6459,11:6:2,100,1800,-22.3541,-2056.58,1132.45,-804,0
85,64.3497,11:6:7,100,1800,-20.6503,-1899.83,788.283,-991,0
85,65.0071,11:6:12,100,1800,-19.9929,-1839.35,455.067,-1264,0
60,64.391,11:6:17,19.0217,1800,4.39101,161.589,528.251,809,255
60,64.4268,11:6:22,19.0217,1800,4.4268,162.906,602.031,884,255
60,64.7226,11:6:27,19.0217,1800,4.72258,173.791,680.741,974,255
60,64.3139,11:6:33,20.9677,1800,4.31386,158.75,752.638,1031,255
60,64.0782,11:6:38,20.9677,1800,4.07819,150.078,820.608,1090,255
60,63.178,11:6:43,20.9677,1800,3.17803,116.951,873.575,1110,255
60,62.3575,11:6:48,4.72973,1800,2.35751,86.7562,912.867,1119,255
60,62.6164,11:6:53,4.72973,1800,2.61636,96.2819,956.473,1172,255
60,61.6682,11:6:58,4.72973,1800,1.66824,61.3911,984.277,1165,255
60,60.8429,11:7:4,11.3636,1800,0.842926,31.0197,998.326,1149,255
60,61.4422,11:7:9,11.3636,1800,1.44219,53.0727,1022.36,1195,255
60,60.7716,11:7:14,11.3636,1800,0.771626,28.3958,1035.22,1183,255
70,61.6299,11:7:19,42.8571,1800,-8.37014,-385.026,895.72,630,255
70,60.7417,11:7:24,42.8571,1800,-9.25831,-425.882,741.415,435,255
70,60.7503,11:7:29,42.8571,1800,-9.24973,-425.487,587.253,281,255
60,60.8972,11:7:35,15.7895,1800,0.897228,33.018,602.207,755,255
60,60.7658,11:7:40,15.7895,1800,0.765827,28.1824,614.971,763,255
60,60.8988,11:7:45,15.7895,1800,0.898785,33.0753,629.95,783,255
75,62.227,11:7:50,72.5807,1800,-12.773,-705.071,417.067,-168,0
75,62.5059,11:7:55,72.5807,1800,-12.4941,-689.674,208.832,-360,0
75,62.7773,11:8:0,72.5807,1800,-12.2227,-674.693,5.12006,-549,0
70,63.4375,11:8:6,29,1800,-6.56246,-301.873,-104.254,-286,0
70,64.2828,11:8:11,29,1800,-5.71724,-262.993,-199.542,-342,0
70,64.1725,11:8:16,29,1800,-5.82752,-268.066,-296.667,-444,0
70,65.1842,11:8:21,35.1351,1800,-4.81585,-221.529,-376.931,-478,0
70,65.5775,11:8:26,35.1351,1800,-4.42248,-203.434,-450.639,-534,0
70,66.7857,11:8:31,35.1351,1800,-3.21434,-147.86,-504.211,-532,0
70,67.6857,11:8:37,29.1457,1800,-2.31433,-106.459,-542.784,-529,0
70,68.4088,11:8:42,29.1457,1800,-1.59123,-73.1967,-569.304,-522,0
70,69.3577,11:8:47,29.1457,1800,-0.642319,-29.5467,-580.01,-489,0
70,69.7448,11:8:52,27.5,1800,-0.255234,-11.7408,-584.263,-476,0
70,70.027,11:8:57,27.5,1800,0.0269775,1.24097,-583.814,-462,0
70,71.6623,11:9:2,27.5,1800,1.6623,76.4658,-556.109,-359,0
70,72.605,11:9:8,40.1042,1800,2.60503,119.831,-512.692,-272,0
70,71.6766,11:9:13,40.1042,1800,1.67661,77.1238,-484.748,-287,0
70,71.7786,11:9:18,40.1042,1800,1.77856,81.814,-455.105,-253,0
70,71.8862,11:9:24,26.6667,1800,1.88615,86.7631,-423.67,-216,0
70,72.2865,11:9:29,26.6667,1800,2.28651,105.18,-385.561,-160,0
70,72.5214,11:9:34,26.6667,1800,2.52135,115.982,-343.538,-107,0
70,72.7883,11:9:39,27.1795,1800,2.78834,128.264,-297.066,-48,0
70,73.2533,11:9:44,27.1795,1800,3.25333,149.653,-242.844,26,0
70,74.8582,11:9:49,27.1795,1800,4.85823,223.479,-161.873,181,181
70,74.2395,11:9:55,29.064,1800,4.23952,195.018,-91.2146,223,223
70,73.3985,11:10:0,29.064,1800,3.39845,156.329,-34.5737,241,241
70,73.1196,11:10:5,29.064,1800,3.11955,143.499,17.4188,280,255
70,72.5073,11:10:10,27.551,1800,2.50726,115.334,59.2064,294,255
70,71.7642,11:10:15,27.551,1800,1.76423,81.1545,88.6102,289,255
70,70.9107,11:10:20,27.551,1800,0.910721,41.8932,103.789,265,255
70,69.9975,11:10:26,26.5,1800,-0.00252533,-0.116165,103.747,223,223
70,69.8087,11:10:31,26.5,1800,-0.191254,-8.79767,100.559,211,211
70,68.7672,11:10:36,26.5,1800,-1.23282,-56.7097,80.0123,143,143
70,68.6143,11:10:41,26.1307,1800,-1.38567,-63.741,56.9177,113,0
70,68.7451,11:10:46,26.1307,1800,-1.25487,-57.7239,36.0032,98,0
70,69.2452,11:10:51,26.1307,1800,-0.754784,-34.7201,23.4235,108,0
70,69.5387,11:10:57,31.3131,1800,-0.461281,-21.2189,15.7355,114,0
70,70.2012,11:11:2,31.3131,1800,0.201172,9.25391,19.0884,148,148
70,70.4135,11:11:7,31.3131,1800,0.413521,19.022,25.9804,165,165
70,70.3861,11:11:12,26.1307,1800,0.386055,17.7585,32.4146,170,170
70,70.2372,11:11:17,26.1307,1800,0.237206,10.9115,36.3681,167,167
70,69.8814,11:11:22,26.1307,1800,-0.118576,-5.4545,34.3918,148,148
70,70.1868,11:11:28,26.1307,1800,0.186752,8.59061,37.5043,166,166
70,69.7303,11:11:33,26.1307,1800,-0.269722,-12.4072,33.009,140,140
70,69.8307,11:11:38,26.1307,1800,-0.169266,-7.78622,30.1879,142,142
70,69.8408,11:11:43,26.3959,1800,-0.159225,-7.32437,27.5341,140,140
70,69.7444,11:11:48,26.3959,1800,-0.255623,-11.7587,23.2737,131,131
70,69.7834,11:11:53,26.3959,1800,-0.21656,-9.96178,19.6644,129,129
70,69.9334,11:11:59,27.6923,1800,-0.0665512,-3.06136,18.5552,135,135
70,70.1919,11:12:4,27.6923,1800,0.191948,8.82961,21.7543,150,150
70,69.7308,11:12:9,27.6923,1800,-0.269203,-12.3833,17.2676,124,124
70,69.3438,11:12:14,26.1307,1800,-0.656219,-30.1861,6.33062,96,0
70,69.5486,11:12:19,26.1307,1800,-0.451424,-20.7655,-1.19311,98,0
70,70.1048,11:12:24,26.1307,1800,0.104759,4.81892,0.552879,125,125
70,70.4039,11:12:30,26.5306,1800,0.403885,18.5787,7.28429,145,145
70,70.8721,11:12:35,26.5306,1800,0.872093,40.1163,21.8192,181,181
70,70.5293,11:12:40,26.5306,1800,0.529312,24.3484,30.641,174,174
70,69.7645,11:12:45,26.1307,1800,-0.235466,-10.8314,26.7166,135,135
70,69.8829,11:12:50,26.1307,1800,-0.117142,-5.38852,24.7643,139,139
70,69.5051,11:12:55,26.1307,1800,-0.494911,-22.7659,16.5157,113,0
70,69.6621,11:13:1,26.8041,1800,-0.337891,-15.543,10.8842,115,0
70,70.2622,11:13:6,26.8041,1800,0.262215,12.0619,15.2545,147,147
70,70.4683,11:13:11,26.8041,1800,0.468323,21.5428,23.0598,164,164
70,70.2941,11:13:16,26.5,1800,0.294136,13.5303,27.9621,161,161
70,70.3254,11:13:21,26.5,1800,0.325417,14.9692,33.3857,168,168
70,69.598,11:13:26,26.5,1800,-0.401962,-18.4903,26.6864,128,128
70,69.6714,11:13:32,26.8657,1800,-0.328598,-15.1155,21.2097,126,126
70,69.4839,11:13:37,26.8657,1800,-0.51606,-23.7388,12.6087,108,0
70,69.5139,11:13:42,26.8657,1800,-0.486099,-22.3606,4.50707,102,0
70,69.7117,11:13:47,27.5862,1800,-0.288307,-13.2621,-0.298055,106,0
70,70.4133,11:13:52,27.5862,1800,0.413277,19.0107,6.58989,145,145
70,70.8243,11:13:57,27.5862,1800,0.824326,37.919,20.3286,178,178
70,70.8167,11:14:3,43.6548,1800,0.816734,37.5698,33.9409,191,191
70,70.2316,11:14:8,43.6548,1800,0.231583,10.6528,37.8006,168,168
70,69.9296,11:14:13,43.6548,1800,-0.0704422,-3.24034,36.6266,153,153
70,69.7046,11:14:18,26.5,1800,-0.295441,-13.5903,31.7026,138,138
70,69.6334,11:14:23,26.5,1800,-0.366646,-16.8657,25.5918,128,128
70,69.4801,11:14:28,26.5,1800,-0.519859,-23.9135,16.9275,113,0
70,69.8544,11:14:34,26.2626,1800,-0.145584,-6.69687,14.5011,127,127
70,69.9405,11:14:39,26.2626,1800,-0.0594559,-2.73497,13.5101,130,130
70,70.2414,11:14:44,26.2626,1800,0.241356,11.1024,17.5327,148,148
70,70.2227,11:14:49,27.0833,1800,0.22274,10.246,21.2451,151,151
70,69.88,11:14:54,27.0833,1800,-0.120026,-5.52118,19.2446,133,133
70,70.0405,11:14:59,27.0833,1800,0.0404968,1.86285,19.9196,141,141
70,70.0079,11:15:5,27,1800,0.00785065,0.36113,20.0504,140,140
70,70.102,11:15:10,27,1800,0.101982,4.69118,21.7501,146,146
70,70.1114,11:15:15,27,1800,0.111404,5.1246,23.6069,148,148
70,69.5279,11:15:20,27.4611,1800,-0.472061,-21.7148,15.7392,114,0
70,69.8105,11:15:25,27.4611,1800,-0.189499,-8.71695,12.5809,123,123
70,70.0823,11:15:30,27.4611,1800,0.0822525,3.78362,13.9518,137,137
70,70.1094,11:15:36,26.5,1800,0.109428,5.03371,15.7756,140,140
70,70.2095,11:15:41,26.5,1800,0.209549,9.63925,19.268,148,148
70,69.8787,11:15:46,26.5,1800,-0.121346,-5.58189,17.2456,131,131
70,70.0404,11:15:51,32.3077,1800,0.0403671,1.85689,17.9184,139,139
70,69.4234,11:15:56,32.3077,1800,-0.576561,-26.5218,8.30905,101,0
70,69.9461,11:16:1,32.3077,1800,-0.0538559,-2.47737,7.41145,124,124
